date,weekday,day_of_week,is_weekend,month,year,is_vacation,period,reconstruction_error
2014-02-17 00:00:00+05:30,Monday,0,False,2,2014,False,semester,0.49372123289933856
2014-02-18 00:00:00+05:30,Tuesday,1,False,2,2014,False,semester,0.2313867952998531
2014-02-19 00:00:00+05:30,Wednesday,2,False,2,2014,False,semester,0.3696603087063655
2014-02-20 00:00:00+05:30,Thursday,3,False,2,2014,False,semester,0.3311522423587485
2014-02-28 00:00:00+05:30,Friday,4,False,2,2014,False,semester,0.15574568826403268
2014-03-01 00:00:00+05:30,Saturday,5,True,3,2014,False,semester,0.25228145053382645
2014-03-02 00:00:00+05:30,Sunday,6,True,3,2014,False,semester,0.05718220727657548
2014-03-03 00:00:00+05:30,Monday,0,False,3,2014,False,semester,0.18954158031640544
2014-03-04 00:00:00+05:30,Tuesday,1,False,3,2014,False,semester,0.21739125663802888
2014-03-05 00:00:00+05:30,Wednesday,2,False,3,2014,False,semester,0.25920904272484513
2014-03-06 00:00:00+05:30,Thursday,3,False,3,2014,False,semester,0.24726899326085847
2014-03-07 00:00:00+05:30,Friday,4,False,3,2014,False,semester,0.25019591519310524
2014-03-08 00:00:00+05:30,Saturday,5,True,3,2014,False,semester,0.22457769182238357
2014-03-09 00:00:00+05:30,Sunday,6,True,3,2014,False,semester,0.17778354358086046
2014-03-10 00:00:00+05:30,Monday,0,False,3,2014,False,semester,0.2557343800566455
2014-03-11 00:00:00+05:30,Tuesday,1,False,3,2014,False,semester,0.2384924677692909
2014-03-12 00:00:00+05:30,Wednesday,2,False,3,2014,False,semester,0.18721331670818106
2014-03-13 00:00:00+05:30,Thursday,3,False,3,2014,False,semester,0.1785466595090954
2014-03-14 00:00:00+05:30,Friday,4,False,3,2014,False,semester,0.28110777062259035
2014-03-15 00:00:00+05:30,Saturday,5,True,3,2014,False,semester,0.12671540242816975
2014-03-16 00:00:00+05:30,Sunday,6,True,3,2014,False,semester,0.16426576155997524
2014-03-17 00:00:00+05:30,Monday,0,False,3,2014,False,semester,0.15537585705439744
2014-03-18 00:00:00+05:30,Tuesday,1,False,3,2014,False,semester,0.10659189629382393
2014-03-19 00:00:00+05:30,Wednesday,2,False,3,2014,False,semester,0.12974741156472192
2014-03-20 00:00:00+05:30,Thursday,3,False,3,2014,False,semester,0.06581415802147127
2014-03-21 00:00:00+05:30,Friday,4,False,3,2014,False,semester,0.12745623067840475
2014-03-22 00:00:00+05:30,Saturday,5,True,3,2014,False,semester,0.14130810658540682
2014-03-23 00:00:00+05:30,Sunday,6,True,3,2014,False,semester,0.11352976957306499
2014-03-24 00:00:00+05:30,Monday,0,False,3,2014,False,semester,0.22775274561316908
2014-03-25 00:00:00+05:30,Tuesday,1,False,3,2014,False,semester,0.12446110591764428
2014-03-26 00:00:00+05:30,Wednesday,2,False,3,2014,False,semester,0.2095306485102201
2014-03-27 00:00:00+05:30,Thursday,3,False,3,2014,False,semester,0.12745203342341715
2014-03-28 00:00:00+05:30,Friday,4,False,3,2014,False,semester,0.3004200706160655
2014-03-29 00:00:00+05:30,Saturday,5,True,3,2014,False,semester,0.6121386144153698
2014-03-30 00:00:00+05:30,Sunday,6,True,3,2014,False,semester,0.15317771283708265
2014-03-31 00:00:00+05:30,Monday,0,False,3,2014,False,semester,0.26741897525920594
2014-04-01 00:00:00+05:30,Tuesday,1,False,4,2014,False,semester,0.41538429272263544
2014-04-02 00:00:00+05:30,Wednesday,2,False,4,2014,False,semester,0.3486114740354773
2014-04-03 00:00:00+05:30,Thursday,3,False,4,2014,False,semester,0.3840139557375752
2014-04-04 00:00:00+05:30,Friday,4,False,4,2014,False,semester,0.2742846225029095
2014-04-05 00:00:00+05:30,Saturday,5,True,4,2014,False,semester,0.3128516083717124
2014-04-06 00:00:00+05:30,Sunday,6,True,4,2014,False,semester,0.1721203790170189
2014-04-07 00:00:00+05:30,Monday,0,False,4,2014,False,semester,0.3776212218138863
2014-04-08 00:00:00+05:30,Tuesday,1,False,4,2014,False,semester,0.20973496438621664
2014-04-09 00:00:00+05:30,Wednesday,2,False,4,2014,False,semester,0.3490839850267389
2014-04-10 00:00:00+05:30,Thursday,3,False,4,2014,False,semester,0.16950731978266023
2014-04-11 00:00:00+05:30,Friday,4,False,4,2014,False,semester,0.3208943091440901
2014-04-12 00:00:00+05:30,Saturday,5,True,4,2014,False,semester,0.31868805390510313
2014-04-15 00:00:00+05:30,Tuesday,1,False,4,2014,False,semester,0.3306655962548577
2014-04-16 00:00:00+05:30,Wednesday,2,False,4,2014,False,semester,0.3838388142468782
2014-04-17 00:00:00+05:30,Thursday,3,False,4,2014,False,semester,0.32669988985540954
2014-04-18 00:00:00+05:30,Friday,4,False,4,2014,False,semester,0.5520244030539623
2014-04-19 00:00:00+05:30,Saturday,5,True,4,2014,False,semester,0.34510341750757084
2014-04-20 00:00:00+05:30,Sunday,6,True,4,2014,False,semester,0.28729065162003703
2014-04-21 00:00:00+05:30,Monday,0,False,4,2014,False,semester,0.24615162219682324
2014-04-22 00:00:00+05:30,Tuesday,1,False,4,2014,False,semester,0.35142801555118147
2014-04-23 00:00:00+05:30,Wednesday,2,False,4,2014,False,semester,0.6113231612636489
2014-04-24 00:00:00+05:30,Thursday,3,False,4,2014,False,semester,0.7721316544965461
2014-04-25 00:00:00+05:30,Friday,4,False,4,2014,False,semester,0.3179796939194083
2014-04-26 00:00:00+05:30,Saturday,5,True,4,2014,False,semester,0.38982174878871695
2014-04-27 00:00:00+05:30,Sunday,6,True,4,2014,False,semester,0.1794815014360557
2014-04-28 00:00:00+05:30,Monday,0,False,4,2014,False,semester,0.2843224028650817
2014-04-29 00:00:00+05:30,Tuesday,1,False,4,2014,False,semester,0.5244130862123987
2014-04-30 00:00:00+05:30,Wednesday,2,False,4,2014,False,semester,0.2889382985375069
2014-05-01 00:00:00+05:30,Thursday,3,False,5,2014,False,semester,0.44940582898556886
2014-05-02 00:00:00+05:30,Friday,4,False,5,2014,False,semester,0.4573490428620957
2014-05-03 00:00:00+05:30,Saturday,5,True,5,2014,False,semester,0.7567169132051873
2014-05-04 00:00:00+05:30,Sunday,6,True,5,2014,False,semester,0.6490274612289483
2014-05-05 00:00:00+05:30,Monday,0,False,5,2014,False,semester,0.32154392618368816
2014-05-06 00:00:00+05:30,Tuesday,1,False,5,2014,False,semester,0.41647611066168705
2014-05-07 00:00:00+05:30,Wednesday,2,False,5,2014,False,semester,0.7457051331673423
2014-05-08 00:00:00+05:30,Thursday,3,False,5,2014,False,semester,0.5403774103945532
2014-05-09 00:00:00+05:30,Friday,4,False,5,2014,False,semester,0.2925017801859045
2014-05-10 00:00:00+05:30,Saturday,5,True,5,2014,False,semester,0.13302289844378437
2014-05-11 00:00:00+05:30,Sunday,6,True,5,2014,False,semester,0.15258016843215386
2014-05-12 00:00:00+05:30,Monday,0,False,5,2014,False,semester,0.3523968197775356
2014-05-13 00:00:00+05:30,Tuesday,1,False,5,2014,False,semester,0.19487950112885286
2014-05-14 00:00:00+05:30,Wednesday,2,False,5,2014,False,semester,0.19799488264532164
2014-05-16 00:00:00+05:30,Friday,4,False,5,2014,True,vacation,0.22085856806074947
2014-05-17 00:00:00+05:30,Saturday,5,True,5,2014,True,vacation,0.23528664348048708
2014-05-18 00:00:00+05:30,Sunday,6,True,5,2014,True,vacation,0.20945796476054163
2014-05-19 00:00:00+05:30,Monday,0,False,5,2014,True,vacation,1.1538391319870342
2014-06-03 00:00:00+05:30,Tuesday,1,False,6,2014,True,vacation,1.1541200733504604
2014-06-04 00:00:00+05:30,Wednesday,2,False,6,2014,True,vacation,0.9825732132325627
2014-06-05 00:00:00+05:30,Thursday,3,False,6,2014,True,vacation,0.8144708350528651
2014-06-06 00:00:00+05:30,Friday,4,False,6,2014,True,vacation,0.4209028406515254
2014-06-07 00:00:00+05:30,Saturday,5,True,6,2014,True,vacation,0.4444923844533675
2014-06-08 00:00:00+05:30,Sunday,6,True,6,2014,True,vacation,0.23969622141903818
2014-06-09 00:00:00+05:30,Monday,0,False,6,2014,True,vacation,0.9419195346691613
2014-06-10 00:00:00+05:30,Tuesday,1,False,6,2014,True,vacation,0.8355540046894159
2014-06-11 00:00:00+05:30,Wednesday,2,False,6,2014,True,vacation,0.616008313403501
2014-06-12 00:00:00+05:30,Thursday,3,False,6,2014,True,vacation,0.6972003489567524
2014-06-13 00:00:00+05:30,Friday,4,False,6,2014,True,vacation,0.8052412555057072
2014-06-14 00:00:00+05:30,Saturday,5,True,6,2014,True,vacation,0.47064637481220134
2014-06-15 00:00:00+05:30,Sunday,6,True,6,2014,True,vacation,0.16479587725701472
2014-06-16 00:00:00+05:30,Monday,0,False,6,2014,True,vacation,1.0797668116635224
2014-06-17 00:00:00+05:30,Tuesday,1,False,6,2014,True,vacation,0.5575360630426511
2014-06-18 00:00:00+05:30,Wednesday,2,False,6,2014,True,vacation,1.275796193957149
2014-06-19 00:00:00+05:30,Thursday,3,False,6,2014,True,vacation,1.0791135398645497
2014-06-20 00:00:00+05:30,Friday,4,False,6,2014,True,vacation,0.7469057770404052
2014-06-21 00:00:00+05:30,Saturday,5,True,6,2014,True,vacation,0.2530614480928357
2014-06-22 00:00:00+05:30,Sunday,6,True,6,2014,True,vacation,0.2388694576056145
2014-06-23 00:00:00+05:30,Monday,0,False,6,2014,True,vacation,0.36072392596842046
2014-06-24 00:00:00+05:30,Tuesday,1,False,6,2014,True,vacation,0.8808271161861028
2014-06-25 00:00:00+05:30,Wednesday,2,False,6,2014,True,vacation,1.0423566749071589
2014-06-26 00:00:00+05:30,Thursday,3,False,6,2014,True,vacation,1.0874958674860276
2014-06-27 00:00:00+05:30,Friday,4,False,6,2014,True,vacation,0.8290646017448294
2014-06-28 00:00:00+05:30,Saturday,5,True,6,2014,True,vacation,0.3115198427411834
2014-06-29 00:00:00+05:30,Sunday,6,True,6,2014,True,vacation,0.27559920171762403
2014-06-30 00:00:00+05:30,Monday,0,False,6,2014,True,vacation,0.696731249546811
2014-07-01 00:00:00+05:30,Tuesday,1,False,7,2014,True,vacation,0.8028743100943521
2014-07-02 00:00:00+05:30,Wednesday,2,False,7,2014,True,vacation,0.44009527407893245
2014-07-03 00:00:00+05:30,Thursday,3,False,7,2014,True,vacation,0.5621561453228352
2014-07-04 00:00:00+05:30,Friday,4,False,7,2014,True,vacation,0.5597490484083266
2014-07-05 00:00:00+05:30,Saturday,5,True,7,2014,True,vacation,0.39617183704014897
2014-07-06 00:00:00+05:30,Sunday,6,True,7,2014,True,vacation,0.21612469327817688
2014-07-07 00:00:00+05:30,Monday,0,False,7,2014,True,vacation,0.6894666456474482
2014-07-08 00:00:00+05:30,Tuesday,1,False,7,2014,True,vacation,0.6097049085486697
2014-07-09 00:00:00+05:30,Wednesday,2,False,7,2014,True,vacation,0.6454766858411131
2014-07-10 00:00:00+05:30,Thursday,3,False,7,2014,True,vacation,0.5282097506050816
2014-07-11 00:00:00+05:30,Friday,4,False,7,2014,True,vacation,0.6932957657005026
2014-07-12 00:00:00+05:30,Saturday,5,True,7,2014,True,vacation,0.33483179143528086
2014-07-13 00:00:00+05:30,Sunday,6,True,7,2014,True,vacation,0.19080739460723103
2014-07-14 00:00:00+05:30,Monday,0,False,7,2014,True,vacation,0.5234287438725979
2014-07-15 00:00:00+05:30,Tuesday,1,False,7,2014,True,vacation,0.5545592275909514
2014-07-16 00:00:00+05:30,Wednesday,2,False,7,2014,True,vacation,0.625860986232808
2014-07-17 00:00:00+05:30,Thursday,3,False,7,2014,True,vacation,0.2799942452413238
2014-07-18 00:00:00+05:30,Friday,4,False,7,2014,True,vacation,0.41122105711832546
2014-07-19 00:00:00+05:30,Saturday,5,True,7,2014,True,vacation,0.3557804716197316
2014-07-20 00:00:00+05:30,Sunday,6,True,7,2014,True,vacation,0.30413301907688994
2014-07-21 00:00:00+05:30,Monday,0,False,7,2014,True,vacation,0.547486771206631
2014-07-22 00:00:00+05:30,Tuesday,1,False,7,2014,True,vacation,1.0108646729248476
2014-07-23 00:00:00+05:30,Wednesday,2,False,7,2014,True,vacation,0.33290811634121764
2014-07-24 00:00:00+05:30,Thursday,3,False,7,2014,True,vacation,0.8000770601346796
2014-07-25 00:00:00+05:30,Friday,4,False,7,2014,True,vacation,0.9928436445492562
2014-07-26 00:00:00+05:30,Saturday,5,True,7,2014,True,vacation,0.5283853009165423
2014-07-27 00:00:00+05:30,Sunday,6,True,7,2014,True,vacation,0.6162830817615186
2014-07-28 00:00:00+05:30,Monday,0,False,7,2014,True,vacation,0.8102226451576156
2014-07-29 00:00:00+05:30,Tuesday,1,False,7,2014,True,vacation,0.8142775261662304
2014-07-30 00:00:00+05:30,Wednesday,2,False,7,2014,True,vacation,1.043257375637567
2014-07-31 00:00:00+05:30,Thursday,3,False,7,2014,True,vacation,0.935785526188707
2014-08-01 00:00:00+05:30,Friday,4,False,8,2014,False,semester,1.0078088714371338
2014-08-02 00:00:00+05:30,Saturday,5,True,8,2014,False,semester,1.1609212418508281
2014-08-03 00:00:00+05:30,Sunday,6,True,8,2014,False,semester,0.7481609193849518
2014-08-04 00:00:00+05:30,Monday,0,False,8,2014,False,semester,0.7959799021959716
2014-08-05 00:00:00+05:30,Tuesday,1,False,8,2014,False,semester,0.5821729235548356
2014-08-06 00:00:00+05:30,Wednesday,2,False,8,2014,False,semester,0.38956448321426324
2014-08-07 00:00:00+05:30,Thursday,3,False,8,2014,False,semester,0.39260008911250593
2014-08-08 00:00:00+05:30,Friday,4,False,8,2014,False,semester,0.37866146050530314
2014-08-09 00:00:00+05:30,Saturday,5,True,8,2014,False,semester,0.347396214715651
2014-08-10 00:00:00+05:30,Sunday,6,True,8,2014,False,semester,0.1454837924826306
2014-08-11 00:00:00+05:30,Monday,0,False,8,2014,False,semester,0.626602181415049
2014-08-12 00:00:00+05:30,Tuesday,1,False,8,2014,False,semester,0.8739762966168249
2014-08-13 00:00:00+05:30,Wednesday,2,False,8,2014,False,semester,0.7983173357920373
2014-08-14 00:00:00+05:30,Thursday,3,False,8,2014,False,semester,0.7121109490489202
2014-08-15 00:00:00+05:30,Friday,4,False,8,2014,False,semester,0.18624916070233313
2014-08-16 00:00:00+05:30,Saturday,5,True,8,2014,False,semester,0.27823338207437076
2014-08-17 00:00:00+05:30,Sunday,6,True,8,2014,False,semester,0.15427023575987953
2014-08-18 00:00:00+05:30,Monday,0,False,8,2014,False,semester,0.8763665007042678
2014-08-19 00:00:00+05:30,Tuesday,1,False,8,2014,False,semester,0.8415739913566807
2014-08-20 00:00:00+05:30,Wednesday,2,False,8,2014,False,semester,0.6583021730570361
2014-08-21 00:00:00+05:30,Thursday,3,False,8,2014,False,semester,0.7976510400517732
2014-08-23 00:00:00+05:30,Saturday,5,True,8,2014,False,semester,0.2878786852976952
2014-08-24 00:00:00+05:30,Sunday,6,True,8,2014,False,semester,0.21081446539479162
2014-08-25 00:00:00+05:30,Monday,0,False,8,2014,False,semester,0.4326829807337699
2014-08-26 00:00:00+05:30,Tuesday,1,False,8,2014,False,semester,0.32101355670060083
2014-08-27 00:00:00+05:30,Wednesday,2,False,8,2014,False,semester,0.9216359544413387
2014-08-28 00:00:00+05:30,Thursday,3,False,8,2014,False,semester,0.8772228890299624
2014-08-29 00:00:00+05:30,Friday,4,False,8,2014,False,semester,0.37526724511577003
2014-08-30 00:00:00+05:30,Saturday,5,True,8,2014,False,semester,0.6677894600514243
2014-08-31 00:00:00+05:30,Sunday,6,True,8,2014,False,semester,0.7038711477274009
2014-09-01 00:00:00+05:30,Monday,0,False,9,2014,False,semester,0.40367559068102266
2014-09-02 00:00:00+05:30,Tuesday,1,False,9,2014,False,semester,0.33615089695097083
2014-09-03 00:00:00+05:30,Wednesday,2,False,9,2014,False,semester,0.62552591454138
2014-09-04 00:00:00+05:30,Thursday,3,False,9,2014,False,semester,0.3452119236173002
2014-09-05 00:00:00+05:30,Friday,4,False,9,2014,False,semester,0.3864982563471165
2014-09-06 00:00:00+05:30,Saturday,5,True,9,2014,False,semester,0.2983074460007262
2014-09-07 00:00:00+05:30,Sunday,6,True,9,2014,False,semester,0.18728915649943598
2014-09-08 00:00:00+05:30,Monday,0,False,9,2014,False,semester,0.16779208897946932
2014-09-09 00:00:00+05:30,Tuesday,1,False,9,2014,False,semester,0.41236059137573566
2014-09-10 00:00:00+05:30,Wednesday,2,False,9,2014,False,semester,0.28415345187539826
2014-09-11 00:00:00+05:30,Thursday,3,False,9,2014,False,semester,0.3450358362958041
2014-09-12 00:00:00+05:30,Friday,4,False,9,2014,False,semester,0.3193564403373024
2014-09-13 00:00:00+05:30,Saturday,5,True,9,2014,False,semester,0.33753080326678797
2014-09-14 00:00:00+05:30,Sunday,6,True,9,2014,False,semester,0.13044313506246297
2014-09-15 00:00:00+05:30,Monday,0,False,9,2014,False,semester,0.6646677208974493
2014-09-16 00:00:00+05:30,Tuesday,1,False,9,2014,False,semester,0.5846250853714521
2014-09-17 00:00:00+05:30,Wednesday,2,False,9,2014,False,semester,0.8440264557109101
2014-09-18 00:00:00+05:30,Thursday,3,False,9,2014,False,semester,0.6695899220776286
2014-09-19 00:00:00+05:30,Friday,4,False,9,2014,False,semester,0.31905110616978033
2014-09-20 00:00:00+05:30,Saturday,5,True,9,2014,False,semester,0.1648228138983098
2014-09-21 00:00:00+05:30,Sunday,6,True,9,2014,False,semester,0.12862044093009017
2014-09-22 00:00:00+05:30,Monday,0,False,9,2014,False,semester,0.3149983530359632
2014-09-23 00:00:00+05:30,Tuesday,1,False,9,2014,False,semester,0.3297827685861161
2014-09-24 00:00:00+05:30,Wednesday,2,False,9,2014,False,semester,0.41530378802113227
2014-09-25 00:00:00+05:30,Thursday,3,False,9,2014,False,semester,0.3336074227411287
2014-09-26 00:00:00+05:30,Friday,4,False,9,2014,False,semester,0.2652520928777176
2014-09-27 00:00:00+05:30,Saturday,5,True,9,2014,False,semester,0.22247094623992492
2014-09-28 00:00:00+05:30,Sunday,6,True,9,2014,False,semester,0.2088757905701654
2014-09-29 00:00:00+05:30,Monday,0,False,9,2014,False,semester,0.4386842235666835
2014-09-30 00:00:00+05:30,Tuesday,1,False,9,2014,False,semester,0.32175086279380605
2014-10-01 00:00:00+05:30,Wednesday,2,False,10,2014,False,semester,0.3706357516837843
2014-10-02 00:00:00+05:30,Thursday,3,False,10,2014,False,semester,0.13456282370577852
2014-10-03 00:00:00+05:30,Friday,4,False,10,2014,False,semester,0.15282847347793324
2014-10-04 00:00:00+05:30,Saturday,5,True,10,2014,False,semester,0.08551563076202624
2014-10-05 00:00:00+05:30,Sunday,6,True,10,2014,False,semester,0.15073871567930602
2014-10-06 00:00:00+05:30,Monday,0,False,10,2014,False,semester,0.20719835073501458
2014-10-07 00:00:00+05:30,Tuesday,1,False,10,2014,False,semester,0.3932048769064344
2014-10-08 00:00:00+05:30,Wednesday,2,False,10,2014,False,semester,0.7186644448587619
2014-10-09 00:00:00+05:30,Thursday,3,False,10,2014,False,semester,0.31339062187791067
2014-10-10 00:00:00+05:30,Friday,4,False,10,2014,False,semester,0.21668942412468345
2014-10-11 00:00:00+05:30,Saturday,5,True,10,2014,False,semester,0.2908231288119642
2014-10-12 00:00:00+05:30,Sunday,6,True,10,2014,False,semester,0.10103241102845459
2014-10-13 00:00:00+05:30,Monday,0,False,10,2014,False,semester,0.17511446780068948
2014-10-14 00:00:00+05:30,Tuesday,1,False,10,2014,False,semester,0.23347221350902647
2014-10-15 00:00:00+05:30,Wednesday,2,False,10,2014,False,semester,0.13055213951079273
2014-10-16 00:00:00+05:30,Thursday,3,False,10,2014,False,semester,0.2634949754119426
2014-10-17 00:00:00+05:30,Friday,4,False,10,2014,False,semester,0.2173649674594114
2014-10-18 00:00:00+05:30,Saturday,5,True,10,2014,False,semester,0.157302023289855
2014-10-19 00:00:00+05:30,Sunday,6,True,10,2014,False,semester,0.06640771631081654
2014-10-20 00:00:00+05:30,Monday,0,False,10,2014,False,semester,0.1634238900861305
2014-10-21 00:00:00+05:30,Tuesday,1,False,10,2014,False,semester,0.5303242430200847
2014-10-22 00:00:00+05:30,Wednesday,2,False,10,2014,False,semester,0.703887072105549
2014-10-23 00:00:00+05:30,Thursday,3,False,10,2014,False,semester,0.14424332509868376
2014-10-24 00:00:00+05:30,Friday,4,False,10,2014,False,semester,0.16118490869055777
2014-10-25 00:00:00+05:30,Saturday,5,True,10,2014,False,semester,0.12842779029854814
2014-10-26 00:00:00+05:30,Sunday,6,True,10,2014,False,semester,0.18058118208130175
2014-10-27 00:00:00+05:30,Monday,0,False,10,2014,False,semester,0.19143815579867499
2014-10-28 00:00:00+05:30,Tuesday,1,False,10,2014,False,semester,0.18154756707966493
2014-10-29 00:00:00+05:30,Wednesday,2,False,10,2014,False,semester,0.1587189868605841
2014-10-30 00:00:00+05:30,Thursday,3,False,10,2014,False,semester,0.8525443587564341
2014-10-31 00:00:00+05:30,Friday,4,False,10,2014,False,semester,1.1969759246323812
2014-11-01 00:00:00+05:30,Saturday,5,True,11,2014,False,semester,0.11319479548739406
2014-11-02 00:00:00+05:30,Sunday,6,True,11,2014,False,semester,0.08963996486048945
2014-11-03 00:00:00+05:30,Monday,0,False,11,2014,False,semester,0.13459591119649447
2014-11-04 00:00:00+05:30,Tuesday,1,False,11,2014,False,semester,1.351953858445297
2014-11-05 00:00:00+05:30,Wednesday,2,False,11,2014,False,semester,1.220563506881648
2014-11-06 00:00:00+05:30,Thursday,3,False,11,2014,False,semester,0.13824617066094977
2014-11-07 00:00:00+05:30,Friday,4,False,11,2014,False,semester,0.16287296566098639
2014-11-08 00:00:00+05:30,Saturday,5,True,11,2014,False,semester,0.20293543083535268
2014-11-09 00:00:00+05:30,Sunday,6,True,11,2014,False,semester,0.16798925122098826
2014-11-10 00:00:00+05:30,Monday,0,False,11,2014,False,semester,0.14194548566218268
2014-11-11 00:00:00+05:30,Tuesday,1,False,11,2014,False,semester,0.17583912028096463
2014-11-12 00:00:00+05:30,Wednesday,2,False,11,2014,False,semester,0.240515594507878
2014-11-13 00:00:00+05:30,Thursday,3,False,11,2014,False,semester,0.1712681459527596
2014-11-14 00:00:00+05:30,Friday,4,False,11,2014,False,semester,0.12351458510063215
2014-11-15 00:00:00+05:30,Saturday,5,True,11,2014,False,semester,0.14705566057499248
2014-11-16 00:00:00+05:30,Sunday,6,True,11,2014,False,semester,0.0973562265374601
2014-11-17 00:00:00+05:30,Monday,0,False,11,2014,False,semester,0.20467108002275652
2014-11-18 00:00:00+05:30,Tuesday,1,False,11,2014,False,semester,0.17279802073398196
2014-11-19 00:00:00+05:30,Wednesday,2,False,11,2014,False,semester,0.2861154894267014
2014-11-20 00:00:00+05:30,Thursday,3,False,11,2014,False,semester,0.14551754977388331
2014-11-21 00:00:00+05:30,Friday,4,False,11,2014,False,semester,0.18193080504607012
2014-11-22 00:00:00+05:30,Saturday,5,True,11,2014,False,semester,0.10634932069096345
2014-11-23 00:00:00+05:30,Sunday,6,True,11,2014,False,semester,0.16766108657634263
2014-11-24 00:00:00+05:30,Monday,0,False,11,2014,False,semester,0.17836938503563554
2014-11-25 00:00:00+05:30,Tuesday,1,False,11,2014,False,semester,0.14834790428697633
2014-11-26 00:00:00+05:30,Wednesday,2,False,11,2014,False,semester,0.1314575466377905
2014-11-27 00:00:00+05:30,Thursday,3,False,11,2014,False,semester,0.2042562578498915
2014-11-28 00:00:00+05:30,Friday,4,False,11,2014,False,semester,0.16322361096568355
2014-11-29 00:00:00+05:30,Saturday,5,True,11,2014,False,semester,0.12826623592762287
2014-11-30 00:00:00+05:30,Sunday,6,True,11,2014,False,semester,0.1573974353936726
2014-12-01 00:00:00+05:30,Monday,0,False,12,2014,False,semester,0.10774313551744642
2014-12-02 00:00:00+05:30,Tuesday,1,False,12,2014,False,semester,0.19901600240742393
2014-12-03 00:00:00+05:30,Wednesday,2,False,12,2014,False,semester,0.16774495419237498
2014-12-04 00:00:00+05:30,Thursday,3,False,12,2014,False,semester,0.21504018662571844
2014-12-05 00:00:00+05:30,Friday,4,False,12,2014,False,semester,0.11022854204287341
2014-12-06 00:00:00+05:30,Saturday,5,True,12,2014,False,semester,0.0993578062728274
2014-12-07 00:00:00+05:30,Sunday,6,True,12,2014,False,semester,0.19636954667139972
2014-12-08 00:00:00+05:30,Monday,0,False,12,2014,False,semester,0.14812873240744603
2014-12-09 00:00:00+05:30,Tuesday,1,False,12,2014,False,semester,0.08598356121967216
2014-12-10 00:00:00+05:30,Wednesday,2,False,12,2014,False,semester,0.17005571251930224
2014-12-11 00:00:00+05:30,Thursday,3,False,12,2014,False,semester,0.13045818899117576
2014-12-12 00:00:00+05:30,Friday,4,False,12,2014,False,semester,0.09894782268522369
2014-12-13 00:00:00+05:30,Saturday,5,True,12,2014,False,semester,0.10465587662017757
2014-12-14 00:00:00+05:30,Sunday,6,True,12,2014,False,semester,0.0857187675378931
2014-12-15 00:00:00+05:30,Monday,0,False,12,2014,False,semester,0.1614876421062218
2014-12-16 00:00:00+05:30,Tuesday,1,False,12,2014,True,vacation,0.11967988786842454
2014-12-17 00:00:00+05:30,Wednesday,2,False,12,2014,True,vacation,0.1272250577190312
2014-12-18 00:00:00+05:30,Thursday,3,False,12,2014,True,vacation,0.1839464861984412
2014-12-19 00:00:00+05:30,Friday,4,False,12,2014,True,vacation,0.2731267642090521
2014-12-20 00:00:00+05:30,Saturday,5,True,12,2014,True,vacation,0.15218863069404262
2014-12-21 00:00:00+05:30,Sunday,6,True,12,2014,True,vacation,0.18233314123015124
2014-12-22 00:00:00+05:30,Monday,0,False,12,2014,True,vacation,0.2818198319155167
2014-12-23 00:00:00+05:30,Tuesday,1,False,12,2014,True,vacation,0.26866520482513084
2014-12-24 00:00:00+05:30,Wednesday,2,False,12,2014,True,vacation,0.2467408784386613
2014-12-25 00:00:00+05:30,Thursday,3,False,12,2014,True,vacation,0.35567929720515806
2014-12-26 00:00:00+05:30,Friday,4,False,12,2014,True,vacation,0.2499692406493275
2014-12-27 00:00:00+05:30,Saturday,5,True,12,2014,True,vacation,0.1747212630056246
2014-12-28 00:00:00+05:30,Sunday,6,True,12,2014,True,vacation,0.13689385918447453
2014-12-29 00:00:00+05:30,Monday,0,False,12,2014,True,vacation,0.39060413531554383
2014-12-30 00:00:00+05:30,Tuesday,1,False,12,2014,True,vacation,0.29945306614290135
2014-12-31 00:00:00+05:30,Wednesday,2,False,12,2014,True,vacation,0.3182089564473579
2015-01-01 00:00:00+05:30,Thursday,3,False,1,2015,True,vacation,0.3761387001053383
2015-01-02 00:00:00+05:30,Friday,4,False,1,2015,False,semester,0.29986832873725006
2015-01-03 00:00:00+05:30,Saturday,5,True,1,2015,False,semester,0.10022261467504522
2015-01-04 00:00:00+05:30,Sunday,6,True,1,2015,False,semester,0.1501068369738626
2015-01-05 00:00:00+05:30,Monday,0,False,1,2015,False,semester,0.30845909487219564
2015-01-06 00:00:00+05:30,Tuesday,1,False,1,2015,False,semester,0.3092985545960369
2015-01-07 00:00:00+05:30,Wednesday,2,False,1,2015,False,semester,0.3161396202525727
2015-01-08 00:00:00+05:30,Thursday,3,False,1,2015,False,semester,0.2933277272907192
2015-01-09 00:00:00+05:30,Friday,4,False,1,2015,False,semester,0.35528067130791385
2015-01-10 00:00:00+05:30,Saturday,5,True,1,2015,False,semester,0.17924337357202308
2015-01-11 00:00:00+05:30,Sunday,6,True,1,2015,False,semester,0.4118213705240188
2015-01-12 00:00:00+05:30,Monday,0,False,1,2015,False,semester,0.4651149785302629
2015-01-13 00:00:00+05:30,Tuesday,1,False,1,2015,False,semester,0.5234944888261746
2015-01-16 00:00:00+05:30,Friday,4,False,1,2015,False,semester,0.3988455774691736
2015-01-17 00:00:00+05:30,Saturday,5,True,1,2015,False,semester,0.13215355274118198
2015-01-18 00:00:00+05:30,Sunday,6,True,1,2015,False,semester,0.25988789178236826
2015-01-19 00:00:00+05:30,Monday,0,False,1,2015,False,semester,0.30574426995413634
2015-01-20 00:00:00+05:30,Tuesday,1,False,1,2015,False,semester,0.43786311725742716
2015-01-21 00:00:00+05:30,Wednesday,2,False,1,2015,False,semester,0.2828766399653865
2015-01-22 00:00:00+05:30,Thursday,3,False,1,2015,False,semester,0.3056155428918653
2015-01-23 00:00:00+05:30,Friday,4,False,1,2015,False,semester,0.35022996669014533
2015-01-24 00:00:00+05:30,Saturday,5,True,1,2015,False,semester,0.10856088243747881
2015-01-25 00:00:00+05:30,Sunday,6,True,1,2015,False,semester,0.19356745813176154
2015-01-27 00:00:00+05:30,Tuesday,1,False,1,2015,False,semester,0.4327414592865475
2015-01-28 00:00:00+05:30,Wednesday,2,False,1,2015,False,semester,0.4042316037332029
2015-01-29 00:00:00+05:30,Thursday,3,False,1,2015,False,semester,0.41135224801163206
2015-01-30 00:00:00+05:30,Friday,4,False,1,2015,False,semester,0.4659369345999644
2015-01-31 00:00:00+05:30,Saturday,5,True,1,2015,False,semester,0.20742345713530386
2015-02-01 00:00:00+05:30,Sunday,6,True,2,2015,False,semester,0.20463580857871227
2015-02-02 00:00:00+05:30,Monday,0,False,2,2015,False,semester,0.33994361203368084
2015-02-03 00:00:00+05:30,Tuesday,1,False,2,2015,False,semester,0.2212711236118637
2015-02-04 00:00:00+05:30,Wednesday,2,False,2,2015,False,semester,0.3999987352146879
2015-02-05 00:00:00+05:30,Thursday,3,False,2,2015,False,semester,0.14602839420532304
2015-02-06 00:00:00+05:30,Friday,4,False,2,2015,False,semester,0.24957270758636116
2015-02-07 00:00:00+05:30,Saturday,5,True,2,2015,False,semester,0.1060810335788743
2015-02-08 00:00:00+05:30,Sunday,6,True,2,2015,False,semester,0.23528682919079402
2015-02-09 00:00:00+05:30,Monday,0,False,2,2015,False,semester,0.2552377737651322
2015-02-10 00:00:00+05:30,Tuesday,1,False,2,2015,False,semester,0.0987076068553282
2015-02-11 00:00:00+05:30,Wednesday,2,False,2,2015,False,semester,0.19104837479678372
2015-02-12 00:00:00+05:30,Thursday,3,False,2,2015,False,semester,0.22260558249266985
2015-02-13 00:00:00+05:30,Friday,4,False,2,2015,False,semester,0.1935442755205256
2015-02-14 00:00:00+05:30,Saturday,5,True,2,2015,False,semester,0.1087637431679228
2015-02-15 00:00:00+05:30,Sunday,6,True,2,2015,False,semester,0.09765744415191585
2015-02-16 00:00:00+05:30,Monday,0,False,2,2015,False,semester,0.11970395378202424
2015-02-17 00:00:00+05:30,Tuesday,1,False,2,2015,False,semester,0.09829987087661674
2015-02-18 00:00:00+05:30,Wednesday,2,False,2,2015,False,semester,0.17882684480777405
2015-02-19 00:00:00+05:30,Thursday,3,False,2,2015,False,semester,0.20966453334712315
2015-02-20 00:00:00+05:30,Friday,4,False,2,2015,False,semester,0.21656091568584643
2015-02-21 00:00:00+05:30,Saturday,5,True,2,2015,False,semester,0.4462970301167108
2015-02-22 00:00:00+05:30,Sunday,6,True,2,2015,False,semester,0.12471427242481745
2015-02-23 00:00:00+05:30,Monday,0,False,2,2015,False,semester,0.18252833181044748
2015-02-24 00:00:00+05:30,Tuesday,1,False,2,2015,False,semester,0.10723102675034271
2015-02-25 00:00:00+05:30,Wednesday,2,False,2,2015,False,semester,0.28881477177559556
2015-02-26 00:00:00+05:30,Thursday,3,False,2,2015,False,semester,0.12378341082309977
2015-02-27 00:00:00+05:30,Friday,4,False,2,2015,False,semester,0.18996757130101447
2015-02-28 00:00:00+05:30,Saturday,5,True,2,2015,False,semester,0.15050594246574892
2015-03-01 00:00:00+05:30,Sunday,6,True,3,2015,False,semester,0.1488040692390392
2015-03-02 00:00:00+05:30,Monday,0,False,3,2015,False,semester,0.19150838062011175
2015-03-03 00:00:00+05:30,Tuesday,1,False,3,2015,False,semester,0.09202096125975072
2015-03-04 00:00:00+05:30,Wednesday,2,False,3,2015,False,semester,0.08242174060783064
2015-03-05 00:00:00+05:30,Thursday,3,False,3,2015,False,semester,0.13761969356051879
2015-03-06 00:00:00+05:30,Friday,4,False,3,2015,False,semester,0.07877067196138834
2015-03-07 00:00:00+05:30,Saturday,5,True,3,2015,False,semester,0.09190795616123713
2015-03-08 00:00:00+05:30,Sunday,6,True,3,2015,False,semester,0.12153238528474641
2015-03-09 00:00:00+05:30,Monday,0,False,3,2015,False,semester,0.23754248001871314
2015-03-10 00:00:00+05:30,Tuesday,1,False,3,2015,False,semester,0.2661710042919946
2015-03-11 00:00:00+05:30,Wednesday,2,False,3,2015,False,semester,0.2066230378397596
2015-03-12 00:00:00+05:30,Thursday,3,False,3,2015,False,semester,0.2466222585692633
2015-03-13 00:00:00+05:30,Friday,4,False,3,2015,False,semester,0.2502975580573461
2015-03-14 00:00:00+05:30,Saturday,5,True,3,2015,False,semester,0.22254212524241732
2015-03-15 00:00:00+05:30,Sunday,6,True,3,2015,False,semester,0.13541256710335733
2015-03-16 00:00:00+05:30,Monday,0,False,3,2015,False,semester,0.24149935985966267
2015-03-17 00:00:00+05:30,Tuesday,1,False,3,2015,False,semester,0.18175857692008351
2015-03-18 00:00:00+05:30,Wednesday,2,False,3,2015,False,semester,0.16510969881127097
2015-03-19 00:00:00+05:30,Thursday,3,False,3,2015,False,semester,0.1253944792308836
2015-03-20 00:00:00+05:30,Friday,4,False,3,2015,False,semester,0.09592567483307665
2015-03-21 00:00:00+05:30,Saturday,5,True,3,2015,False,semester,0.15829166134197004
2015-03-22 00:00:00+05:30,Sunday,6,True,3,2015,False,semester,0.07764953673529429
2015-03-23 00:00:00+05:30,Monday,0,False,3,2015,False,semester,0.303045228112941
2015-03-24 00:00:00+05:30,Tuesday,1,False,3,2015,False,semester,0.1160670139969433
2015-03-25 00:00:00+05:30,Wednesday,2,False,3,2015,False,semester,0.33343433119940863
2015-03-26 00:00:00+05:30,Thursday,3,False,3,2015,False,semester,0.26567468984261977
2015-03-27 00:00:00+05:30,Friday,4,False,3,2015,False,semester,0.3488490243506817
2015-03-28 00:00:00+05:30,Saturday,5,True,3,2015,False,semester,0.33708469934350016
2015-03-29 00:00:00+05:30,Sunday,6,True,3,2015,False,semester,0.19874375696343077
2015-03-30 00:00:00+05:30,Monday,0,False,3,2015,False,semester,0.3008557993108351
2015-03-31 00:00:00+05:30,Tuesday,1,False,3,2015,False,semester,0.31428191285327245
2015-04-01 00:00:00+05:30,Wednesday,2,False,4,2015,False,semester,0.4751340146524573
2015-04-02 00:00:00+05:30,Thursday,3,False,4,2015,False,semester,0.3269975024532504
2015-04-03 00:00:00+05:30,Friday,4,False,4,2015,False,semester,0.16983313536317052
2015-04-04 00:00:00+05:30,Saturday,5,True,4,2015,False,semester,0.3498246443064909
2015-04-05 00:00:00+05:30,Sunday,6,True,4,2015,False,semester,0.19792167743163655
2015-04-06 00:00:00+05:30,Monday,0,False,4,2015,False,semester,0.29292847710706466
2015-04-07 00:00:00+05:30,Tuesday,1,False,4,2015,False,semester,0.2976995350180305
2015-04-08 00:00:00+05:30,Wednesday,2,False,4,2015,False,semester,0.3230027577012674
2015-04-09 00:00:00+05:30,Thursday,3,False,4,2015,False,semester,0.35431234977702675
2015-04-10 00:00:00+05:30,Friday,4,False,4,2015,False,semester,0.4278087348715136
2015-04-11 00:00:00+05:30,Saturday,5,True,4,2015,False,semester,0.23725240653837287
2015-04-12 00:00:00+05:30,Sunday,6,True,4,2015,False,semester,0.2948579323840176
2015-04-13 00:00:00+05:30,Monday,0,False,4,2015,False,semester,0.3020814620084031
2015-04-14 00:00:00+05:30,Tuesday,1,False,4,2015,False,semester,0.2862842395703758
2015-04-15 00:00:00+05:30,Wednesday,2,False,4,2015,False,semester,0.3418613261403781
2015-04-16 00:00:00+05:30,Thursday,3,False,4,2015,False,semester,0.3507859850776042
2015-04-17 00:00:00+05:30,Friday,4,False,4,2015,False,semester,0.2915054217467168
2015-04-18 00:00:00+05:30,Saturday,5,True,4,2015,False,semester,0.20534963418328805
2015-04-19 00:00:00+05:30,Sunday,6,True,4,2015,False,semester,0.19614657382650388
2015-04-20 00:00:00+05:30,Monday,0,False,4,2015,False,semester,0.3205801878827134
2015-04-21 00:00:00+05:30,Tuesday,1,False,4,2015,False,semester,0.38903339203984366
2015-04-22 00:00:00+05:30,Wednesday,2,False,4,2015,False,semester,0.39933217727178766
2015-04-23 00:00:00+05:30,Thursday,3,False,4,2015,False,semester,0.4126154050713739
2015-04-24 00:00:00+05:30,Friday,4,False,4,2015,False,semester,0.5310558524013111
2015-04-25 00:00:00+05:30,Saturday,5,True,4,2015,False,semester,0.33193128602734684
2015-04-26 00:00:00+05:30,Sunday,6,True,4,2015,False,semester,0.2756720284028562
2015-04-27 00:00:00+05:30,Monday,0,False,4,2015,False,semester,0.29852118103283504
2015-04-28 00:00:00+05:30,Tuesday,1,False,4,2015,False,semester,0.33207759177368884
2015-04-29 00:00:00+05:30,Wednesday,2,False,4,2015,False,semester,0.44201580929823037
2015-04-30 00:00:00+05:30,Thursday,3,False,4,2015,False,semester,0.19240826355402663
2015-05-01 00:00:00+05:30,Friday,4,False,5,2015,False,semester,0.2530784192037301
2015-05-02 00:00:00+05:30,Saturday,5,True,5,2015,False,semester,0.24330136278818956
2015-05-03 00:00:00+05:30,Sunday,6,True,5,2015,False,semester,0.4908675152458259
2015-05-04 00:00:00+05:30,Monday,0,False,5,2015,False,semester,0.21328011583025458
2015-05-05 00:00:00+05:30,Tuesday,1,False,5,2015,False,semester,0.2547776305562231
2015-05-06 00:00:00+05:30,Wednesday,2,False,5,2015,False,semester,0.21417233219698883
2015-05-07 00:00:00+05:30,Thursday,3,False,5,2015,False,semester,0.23187755564504414
2015-05-08 00:00:00+05:30,Friday,4,False,5,2015,False,semester,0.2862133829520909
2015-05-09 00:00:00+05:30,Saturday,5,True,5,2015,False,semester,0.18801723258764091
2015-05-10 00:00:00+05:30,Sunday,6,True,5,2015,False,semester,0.2844221368334443
2015-05-11 00:00:00+05:30,Monday,0,False,5,2015,False,semester,0.3096212795269834
2015-05-12 00:00:00+05:30,Tuesday,1,False,5,2015,False,semester,0.4066426190822104
2015-05-13 00:00:00+05:30,Wednesday,2,False,5,2015,False,semester,0.3793888889906328
2015-05-14 00:00:00+05:30,Thursday,3,False,5,2015,False,semester,0.3433442026756093
2015-05-15 00:00:00+05:30,Friday,4,False,5,2015,False,semester,0.480104602631252
2015-05-16 00:00:00+05:30,Saturday,5,True,5,2015,True,vacation,0.2583506346747289
2015-05-17 00:00:00+05:30,Sunday,6,True,5,2015,True,vacation,0.21200880067119254
2015-05-18 00:00:00+05:30,Monday,0,False,5,2015,True,vacation,0.23300745419925814
2015-05-19 00:00:00+05:30,Tuesday,1,False,5,2015,True,vacation,0.5540428942682262
2015-05-20 00:00:00+05:30,Wednesday,2,False,5,2015,True,vacation,0.30949243975966473
2015-05-21 00:00:00+05:30,Thursday,3,False,5,2015,True,vacation,0.36234058364842675
2015-05-22 00:00:00+05:30,Friday,4,False,5,2015,True,vacation,0.4367252518307179
2015-05-23 00:00:00+05:30,Saturday,5,True,5,2015,True,vacation,0.19304524072397447
2015-05-24 00:00:00+05:30,Sunday,6,True,5,2015,True,vacation,0.09436951047837625
2015-05-25 00:00:00+05:30,Monday,0,False,5,2015,True,vacation,0.29551456488995653
2015-05-26 00:00:00+05:30,Tuesday,1,False,5,2015,True,vacation,0.3928318033130177
2015-05-27 00:00:00+05:30,Wednesday,2,False,5,2015,True,vacation,0.26191685725754404
2015-05-28 00:00:00+05:30,Thursday,3,False,5,2015,True,vacation,0.3706546695600451
2015-05-29 00:00:00+05:30,Friday,4,False,5,2015,True,vacation,0.40080797816452457
2015-05-30 00:00:00+05:30,Saturday,5,True,5,2015,True,vacation,0.377357571782436
2015-05-31 00:00:00+05:30,Sunday,6,True,5,2015,True,vacation,0.1476730325678451
2015-06-01 00:00:00+05:30,Monday,0,False,6,2015,True,vacation,0.2941149257887698
2015-06-02 00:00:00+05:30,Tuesday,1,False,6,2015,True,vacation,0.2861526979885363
2015-06-03 00:00:00+05:30,Wednesday,2,False,6,2015,True,vacation,0.38094246211819915
2015-06-04 00:00:00+05:30,Thursday,3,False,6,2015,True,vacation,0.2515898843389714
2015-06-05 00:00:00+05:30,Friday,4,False,6,2015,True,vacation,0.35055588981260816
2015-06-06 00:00:00+05:30,Saturday,5,True,6,2015,True,vacation,0.3824477243498589
2015-06-07 00:00:00+05:30,Sunday,6,True,6,2015,True,vacation,0.23268069841412758
2015-06-08 00:00:00+05:30,Monday,0,False,6,2015,True,vacation,0.27844579010612985
2015-06-09 00:00:00+05:30,Tuesday,1,False,6,2015,True,vacation,0.3943234669579058
2015-06-10 00:00:00+05:30,Wednesday,2,False,6,2015,True,vacation,0.45931003701778067
2015-06-11 00:00:00+05:30,Thursday,3,False,6,2015,True,vacation,0.2276786524051756
2015-06-12 00:00:00+05:30,Friday,4,False,6,2015,True,vacation,0.3342736324317689
2015-06-13 00:00:00+05:30,Saturday,5,True,6,2015,True,vacation,0.5167259035647843
2015-06-14 00:00:00+05:30,Sunday,6,True,6,2015,True,vacation,0.23339207920620092
2015-06-15 00:00:00+05:30,Monday,0,False,6,2015,True,vacation,0.3267411225385229
2015-06-16 00:00:00+05:30,Tuesday,1,False,6,2015,True,vacation,0.491242664817307
2015-06-17 00:00:00+05:30,Wednesday,2,False,6,2015,True,vacation,0.3477937046687551
2015-06-18 00:00:00+05:30,Thursday,3,False,6,2015,True,vacation,0.3074347954602562
2015-06-19 00:00:00+05:30,Friday,4,False,6,2015,True,vacation,0.3031022256747659
2015-06-20 00:00:00+05:30,Saturday,5,True,6,2015,True,vacation,0.45334931610511775
2015-06-21 00:00:00+05:30,Sunday,6,True,6,2015,True,vacation,0.2102819566805591
2015-06-22 00:00:00+05:30,Monday,0,False,6,2015,True,vacation,0.29940744028105015
2015-06-23 00:00:00+05:30,Tuesday,1,False,6,2015,True,vacation,0.33332711612962185
2015-06-24 00:00:00+05:30,Wednesday,2,False,6,2015,True,vacation,0.2929136732865157
2015-06-25 00:00:00+05:30,Thursday,3,False,6,2015,True,vacation,0.3922781611916367
2015-06-26 00:00:00+05:30,Friday,4,False,6,2015,True,vacation,0.34869431000277873
2015-06-27 00:00:00+05:30,Saturday,5,True,6,2015,True,vacation,0.372299200236293
2015-06-28 00:00:00+05:30,Sunday,6,True,6,2015,True,vacation,0.1847228610828287
2015-06-29 00:00:00+05:30,Monday,0,False,6,2015,True,vacation,0.40034265680289244
2015-06-30 00:00:00+05:30,Tuesday,1,False,6,2015,True,vacation,0.3592590115103777
2015-07-01 00:00:00+05:30,Wednesday,2,False,7,2015,True,vacation,0.3483454166296173
2015-07-02 00:00:00+05:30,Thursday,3,False,7,2015,True,vacation,0.27374078974648663
2015-07-03 00:00:00+05:30,Friday,4,False,7,2015,True,vacation,0.32100482867673624
2015-07-04 00:00:00+05:30,Saturday,5,True,7,2015,True,vacation,0.38918273292376865
2015-07-05 00:00:00+05:30,Sunday,6,True,7,2015,True,vacation,0.32760747540141033
2015-07-06 00:00:00+05:30,Monday,0,False,7,2015,True,vacation,0.2515198102761502
2015-07-07 00:00:00+05:30,Tuesday,1,False,7,2015,True,vacation,0.2988278742754383
2015-07-08 00:00:00+05:30,Wednesday,2,False,7,2015,True,vacation,0.3511195544090677
2015-07-09 00:00:00+05:30,Thursday,3,False,7,2015,True,vacation,0.22440255832897602
2015-07-10 00:00:00+05:30,Friday,4,False,7,2015,True,vacation,0.24924372492046354
2015-07-11 00:00:00+05:30,Saturday,5,True,7,2015,True,vacation,0.27515375373816664
2015-07-12 00:00:00+05:30,Sunday,6,True,7,2015,True,vacation,0.13810682132787416
2015-07-13 00:00:00+05:30,Monday,0,False,7,2015,True,vacation,0.8562012613007977
2015-07-14 00:00:00+05:30,Tuesday,1,False,7,2015,True,vacation,0.521005523355815
2015-07-15 00:00:00+05:30,Wednesday,2,False,7,2015,True,vacation,0.30024862408615965
2015-07-16 00:00:00+05:30,Thursday,3,False,7,2015,True,vacation,0.24414599417960833
2015-07-17 00:00:00+05:30,Friday,4,False,7,2015,True,vacation,0.465318048233297
2015-07-18 00:00:00+05:30,Saturday,5,True,7,2015,True,vacation,0.5244333233198781
2015-07-19 00:00:00+05:30,Sunday,6,True,7,2015,True,vacation,0.7302497585194961
2015-07-20 00:00:00+05:30,Monday,0,False,7,2015,True,vacation,0.7067197784546437
2015-07-21 00:00:00+05:30,Tuesday,1,False,7,2015,True,vacation,0.47524052672175743
2015-07-22 00:00:00+05:30,Wednesday,2,False,7,2015,True,vacation,0.697157994723024
2015-07-23 00:00:00+05:30,Thursday,3,False,7,2015,True,vacation,0.4454529160881928
2015-07-24 00:00:00+05:30,Friday,4,False,7,2015,True,vacation,0.3516970152363376
2015-07-25 00:00:00+05:30,Saturday,5,True,7,2015,True,vacation,0.2835498592535653
2015-07-26 00:00:00+05:30,Sunday,6,True,7,2015,True,vacation,0.17437228846265826
2015-07-27 00:00:00+05:30,Monday,0,False,7,2015,True,vacation,0.30644876196188225
2015-07-28 00:00:00+05:30,Tuesday,1,False,7,2015,True,vacation,0.8605072823167188
2015-07-29 00:00:00+05:30,Wednesday,2,False,7,2015,True,vacation,0.45139689652190357
2015-07-30 00:00:00+05:30,Thursday,3,False,7,2015,True,vacation,0.3962084531434237
2015-07-31 00:00:00+05:30,Friday,4,False,7,2015,True,vacation,0.2705101407903715
2015-08-01 00:00:00+05:30,Saturday,5,True,8,2015,False,semester,0.3145654744189791
2015-08-02 00:00:00+05:30,Sunday,6,True,8,2015,False,semester,0.21416378693411514
2015-08-03 00:00:00+05:30,Monday,0,False,8,2015,False,semester,0.5041942046128618
2015-08-04 00:00:00+05:30,Tuesday,1,False,8,2015,False,semester,0.29012527139174055
2015-08-05 00:00:00+05:30,Wednesday,2,False,8,2015,False,semester,0.5585948525959356
2015-08-06 00:00:00+05:30,Thursday,3,False,8,2015,False,semester,0.3682864269996956
2015-08-07 00:00:00+05:30,Friday,4,False,8,2015,False,semester,0.46890016799332046
2015-08-08 00:00:00+05:30,Saturday,5,True,8,2015,False,semester,0.34663162837038264
2015-08-10 00:00:00+05:30,Monday,0,False,8,2015,False,semester,0.3802758170018143
2015-08-11 00:00:00+05:30,Tuesday,1,False,8,2015,False,semester,0.2352903692538753
2015-08-12 00:00:00+05:30,Wednesday,2,False,8,2015,False,semester,0.19462817530570897
2015-08-13 00:00:00+05:30,Thursday,3,False,8,2015,False,semester,0.37521943610146336
2015-08-14 00:00:00+05:30,Friday,4,False,8,2015,False,semester,0.2773300743126876
2015-08-15 00:00:00+05:30,Saturday,5,True,8,2015,False,semester,0.23581440458361852
2015-08-16 00:00:00+05:30,Sunday,6,True,8,2015,False,semester,0.14697324939140843
2015-08-17 00:00:00+05:30,Monday,0,False,8,2015,False,semester,0.3110722180460278
2015-08-18 00:00:00+05:30,Tuesday,1,False,8,2015,False,semester,0.21822358309455708
2015-08-19 00:00:00+05:30,Wednesday,2,False,8,2015,False,semester,0.22991097107091962
2015-08-20 00:00:00+05:30,Thursday,3,False,8,2015,False,semester,0.36864330675084384
2015-08-21 00:00:00+05:30,Friday,4,False,8,2015,False,semester,0.4513186191643017
2015-08-22 00:00:00+05:30,Saturday,5,True,8,2015,False,semester,0.6201046913550408
2015-08-23 00:00:00+05:30,Sunday,6,True,8,2015,False,semester,0.17208089128493725
2015-08-24 00:00:00+05:30,Monday,0,False,8,2015,False,semester,0.22240786055179995
2015-08-25 00:00:00+05:30,Tuesday,1,False,8,2015,False,semester,0.14290965036863232
2015-08-26 00:00:00+05:30,Wednesday,2,False,8,2015,False,semester,0.23591893766269634
2015-08-27 00:00:00+05:30,Thursday,3,False,8,2015,False,semester,0.2751848968738758
2015-08-28 00:00:00+05:30,Friday,4,False,8,2015,False,semester,0.2888948033898768
2015-08-29 00:00:00+05:30,Saturday,5,True,8,2015,False,semester,0.1987446694852567
2015-08-30 00:00:00+05:30,Sunday,6,True,8,2015,False,semester,0.2904546222459608
2015-08-31 00:00:00+05:30,Monday,0,False,8,2015,False,semester,0.4950902868021347
2015-09-01 00:00:00+05:30,Tuesday,1,False,9,2015,False,semester,0.32037170130782977
2015-09-02 00:00:00+05:30,Wednesday,2,False,9,2015,False,semester,0.28989889053756085
2015-09-04 00:00:00+05:30,Friday,4,False,9,2015,False,semester,0.8165166454240628
2015-09-06 00:00:00+05:30,Sunday,6,True,9,2015,False,semester,0.1816026630451985
2015-09-07 00:00:00+05:30,Monday,0,False,9,2015,False,semester,0.28234927479675465
2015-09-08 00:00:00+05:30,Tuesday,1,False,9,2015,False,semester,0.3260722279544949
2015-09-09 00:00:00+05:30,Wednesday,2,False,9,2015,False,semester,0.40075913331056906
2015-09-10 00:00:00+05:30,Thursday,3,False,9,2015,False,semester,0.22490998122536157
2015-09-11 00:00:00+05:30,Friday,4,False,9,2015,False,semester,0.22450585787618893
2015-09-12 00:00:00+05:30,Saturday,5,True,9,2015,False,semester,0.3238474939728641
2015-09-13 00:00:00+05:30,Sunday,6,True,9,2015,False,semester,0.21024123270541586
2015-09-14 00:00:00+05:30,Monday,0,False,9,2015,False,semester,0.9322038672741979
2015-09-15 00:00:00+05:30,Tuesday,1,False,9,2015,False,semester,0.678661558175972
2015-09-16 00:00:00+05:30,Wednesday,2,False,9,2015,False,semester,0.3127049538775066
2015-09-17 00:00:00+05:30,Thursday,3,False,9,2015,False,semester,0.3364158799276734
2015-09-18 00:00:00+05:30,Friday,4,False,9,2015,False,semester,0.3306076838163071
2015-09-19 00:00:00+05:30,Saturday,5,True,9,2015,False,semester,0.23757371299458768
2015-09-20 00:00:00+05:30,Sunday,6,True,9,2015,False,semester,0.1541007633482875
2015-09-21 00:00:00+05:30,Monday,0,False,9,2015,False,semester,0.3723410289310255
2015-09-22 00:00:00+05:30,Tuesday,1,False,9,2015,False,semester,0.3441883387626079
2015-09-23 00:00:00+05:30,Wednesday,2,False,9,2015,False,semester,0.3439715428964669
2015-09-24 00:00:00+05:30,Thursday,3,False,9,2015,False,semester,0.3593237549973999
2015-09-25 00:00:00+05:30,Friday,4,False,9,2015,False,semester,0.13650841908791417
2015-09-26 00:00:00+05:30,Saturday,5,True,9,2015,False,semester,0.2510017136802923
2015-09-27 00:00:00+05:30,Sunday,6,True,9,2015,False,semester,0.171114616303026
2015-09-28 00:00:00+05:30,Monday,0,False,9,2015,False,semester,0.268450386481217
2015-09-29 00:00:00+05:30,Tuesday,1,False,9,2015,False,semester,0.32439194896548956
2015-09-30 00:00:00+05:30,Wednesday,2,False,9,2015,False,semester,0.16565198131484335
2015-10-01 00:00:00+05:30,Thursday,3,False,10,2015,False,semester,0.36965666787956836
2015-10-02 00:00:00+05:30,Friday,4,False,10,2015,False,semester,0.14029560043775136
2015-10-03 00:00:00+05:30,Saturday,5,True,10,2015,False,semester,0.12299654802004024
2015-10-04 00:00:00+05:30,Sunday,6,True,10,2015,False,semester,0.06848874268582779
2015-10-05 00:00:00+05:30,Monday,0,False,10,2015,False,semester,0.6466240244316163
2015-10-06 00:00:00+05:30,Tuesday,1,False,10,2015,False,semester,0.31349104359971947
2015-10-07 00:00:00+05:30,Wednesday,2,False,10,2015,False,semester,0.22735824192552379
2015-10-08 00:00:00+05:30,Thursday,3,False,10,2015,False,semester,0.23740920604306598
2015-10-09 00:00:00+05:30,Friday,4,False,10,2015,False,semester,0.34015760402390743
2015-10-10 00:00:00+05:30,Saturday,5,True,10,2015,False,semester,0.29187241795664004
2015-10-11 00:00:00+05:30,Sunday,6,True,10,2015,False,semester,0.45862350961215564
2015-10-12 00:00:00+05:30,Monday,0,False,10,2015,False,semester,0.42232946243695063
2015-10-13 00:00:00+05:30,Tuesday,1,False,10,2015,False,semester,0.35122801116135266
2015-10-14 00:00:00+05:30,Wednesday,2,False,10,2015,False,semester,0.30256487707641144
2015-10-15 00:00:00+05:30,Thursday,3,False,10,2015,False,semester,0.389694851798711
2015-10-16 00:00:00+05:30,Friday,4,False,10,2015,False,semester,0.30115220325534864
2015-10-17 00:00:00+05:30,Saturday,5,True,10,2015,False,semester,0.1365976786454617
2015-10-18 00:00:00+05:30,Sunday,6,True,10,2015,False,semester,0.14375829777406435
2015-10-19 00:00:00+05:30,Monday,0,False,10,2015,False,semester,0.16739452608504082
2015-10-20 00:00:00+05:30,Tuesday,1,False,10,2015,False,semester,0.1617298199493178
2015-10-21 00:00:00+05:30,Wednesday,2,False,10,2015,False,semester,0.3196244149147624
2015-10-22 00:00:00+05:30,Thursday,3,False,10,2015,False,semester,0.13915493033456544
2015-10-23 00:00:00+05:30,Friday,4,False,10,2015,False,semester,0.23355633979339283
2015-10-24 00:00:00+05:30,Saturday,5,True,10,2015,False,semester,0.15123524482200199
2015-10-25 00:00:00+05:30,Sunday,6,True,10,2015,False,semester,0.1425340489086176
2015-10-26 00:00:00+05:30,Monday,0,False,10,2015,False,semester,0.20204731700620637
2015-10-27 00:00:00+05:30,Tuesday,1,False,10,2015,False,semester,0.3124261485815247
2015-10-28 00:00:00+05:30,Wednesday,2,False,10,2015,False,semester,0.2658236232856894
2015-10-29 00:00:00+05:30,Thursday,3,False,10,2015,False,semester,0.25865817647753225
2015-10-30 00:00:00+05:30,Friday,4,False,10,2015,False,semester,0.29090028405711055
2015-10-31 00:00:00+05:30,Saturday,5,True,10,2015,False,semester,0.10181506877516605
2015-11-01 00:00:00+05:30,Sunday,6,True,11,2015,False,semester,0.10908258053063244
2015-11-02 00:00:00+05:30,Monday,0,False,11,2015,False,semester,0.20945784269413362
2015-11-03 00:00:00+05:30,Tuesday,1,False,11,2015,False,semester,0.23100042390915282
2015-11-04 00:00:00+05:30,Wednesday,2,False,11,2015,False,semester,0.3934706889818499
2015-11-05 00:00:00+05:30,Thursday,3,False,11,2015,False,semester,0.3207987466073687
2015-11-06 00:00:00+05:30,Friday,4,False,11,2015,False,semester,0.21048942296133713
2015-11-07 00:00:00+05:30,Saturday,5,True,11,2015,False,semester,0.18230069566181842
2015-11-08 00:00:00+05:30,Sunday,6,True,11,2015,False,semester,0.13634344062264975
2015-11-09 00:00:00+05:30,Monday,0,False,11,2015,False,semester,0.19421485174353
2015-11-10 00:00:00+05:30,Tuesday,1,False,11,2015,False,semester,0.2887168410568495
2015-11-11 00:00:00+05:30,Wednesday,2,False,11,2015,False,semester,0.17785056057090287
2015-11-12 00:00:00+05:30,Thursday,3,False,11,2015,False,semester,0.18182098265610241
2015-11-13 00:00:00+05:30,Friday,4,False,11,2015,False,semester,0.2534374546758414
2015-11-14 00:00:00+05:30,Saturday,5,True,11,2015,False,semester,0.20631850986733902
2015-11-15 00:00:00+05:30,Sunday,6,True,11,2015,False,semester,0.08506167596168482
2015-11-16 00:00:00+05:30,Monday,0,False,11,2015,False,semester,0.23859919609215785
2015-11-17 00:00:00+05:30,Tuesday,1,False,11,2015,False,semester,0.24343425995651963
2015-11-18 00:00:00+05:30,Wednesday,2,False,11,2015,False,semester,0.17072933662952222
2015-11-19 00:00:00+05:30,Thursday,3,False,11,2015,False,semester,0.21179915561513243
2015-11-20 00:00:00+05:30,Friday,4,False,11,2015,False,semester,0.2701976619522427
2015-11-21 00:00:00+05:30,Saturday,5,True,11,2015,False,semester,0.18296344696019312
2015-11-22 00:00:00+05:30,Sunday,6,True,11,2015,False,semester,0.11118039064882057
2015-11-23 00:00:00+05:30,Monday,0,False,11,2015,False,semester,0.13177270946530534
2015-11-24 00:00:00+05:30,Tuesday,1,False,11,2015,False,semester,0.13075630268061436
2015-11-25 00:00:00+05:30,Wednesday,2,False,11,2015,False,semester,0.1195726121706922
2015-11-26 00:00:00+05:30,Thursday,3,False,11,2015,False,semester,0.10427244484547926
2015-11-27 00:00:00+05:30,Friday,4,False,11,2015,False,semester,0.09962165153243495
2015-11-28 00:00:00+05:30,Saturday,5,True,11,2015,False,semester,0.1332885539882322
2015-11-29 00:00:00+05:30,Sunday,6,True,11,2015,False,semester,0.11587204812048908
2015-11-30 00:00:00+05:30,Monday,0,False,11,2015,False,semester,0.1637316857374369
2015-12-01 00:00:00+05:30,Tuesday,1,False,12,2015,False,semester,0.27071699260386806
2015-12-02 00:00:00+05:30,Wednesday,2,False,12,2015,False,semester,0.13509998195408074
2015-12-03 00:00:00+05:30,Thursday,3,False,12,2015,False,semester,0.167884295169314
2015-12-04 00:00:00+05:30,Friday,4,False,12,2015,False,semester,0.16060285801184188
2015-12-05 00:00:00+05:30,Saturday,5,True,12,2015,False,semester,0.12171519954178461
2015-12-06 00:00:00+05:30,Sunday,6,True,12,2015,False,semester,0.1619779978542859
2015-12-07 00:00:00+05:30,Monday,0,False,12,2015,False,semester,0.18640825588842558
2015-12-08 00:00:00+05:30,Tuesday,1,False,12,2015,False,semester,0.10111098075816179
2015-12-09 00:00:00+05:30,Wednesday,2,False,12,2015,False,semester,0.15148701177223364
2015-12-10 00:00:00+05:30,Thursday,3,False,12,2015,False,semester,0.15221216037340551
2015-12-11 00:00:00+05:30,Friday,4,False,12,2015,False,semester,0.16716243155095487
2015-12-12 00:00:00+05:30,Saturday,5,True,12,2015,False,semester,0.08226821421712234
2015-12-13 00:00:00+05:30,Sunday,6,True,12,2015,False,semester,0.1699725497858472
2015-12-14 00:00:00+05:30,Monday,0,False,12,2015,False,semester,0.17612440179056052
2015-12-15 00:00:00+05:30,Tuesday,1,False,12,2015,False,semester,0.27059715718143257
2015-12-16 00:00:00+05:30,Wednesday,2,False,12,2015,True,vacation,0.13168813905635393
2015-12-17 00:00:00+05:30,Thursday,3,False,12,2015,True,vacation,0.09767629352547465
2015-12-18 00:00:00+05:30,Friday,4,False,12,2015,True,vacation,0.22379475546627903
2015-12-19 00:00:00+05:30,Saturday,5,True,12,2015,True,vacation,0.17665476689434975
2015-12-20 00:00:00+05:30,Sunday,6,True,12,2015,True,vacation,0.17773742549291713
2015-12-21 00:00:00+05:30,Monday,0,False,12,2015,True,vacation,0.244667448359026
2015-12-22 00:00:00+05:30,Tuesday,1,False,12,2015,True,vacation,0.30964583214703406
2015-12-23 00:00:00+05:30,Wednesday,2,False,12,2015,True,vacation,0.28345385949679447
2015-12-24 00:00:00+05:30,Thursday,3,False,12,2015,True,vacation,0.18712578581033593
2015-12-25 00:00:00+05:30,Friday,4,False,12,2015,True,vacation,0.1551431717048516
2015-12-26 00:00:00+05:30,Saturday,5,True,12,2015,True,vacation,0.29347674055886486
2015-12-27 00:00:00+05:30,Sunday,6,True,12,2015,True,vacation,0.21188624744672752
2015-12-28 00:00:00+05:30,Monday,0,False,12,2015,True,vacation,0.26105548217788827
2015-12-29 00:00:00+05:30,Tuesday,1,False,12,2015,True,vacation,0.25154345030767994
2015-12-30 00:00:00+05:30,Wednesday,2,False,12,2015,True,vacation,0.278175054846331
2015-12-31 00:00:00+05:30,Thursday,3,False,12,2015,True,vacation,0.3060473697057142
2016-01-01 00:00:00+05:30,Friday,4,False,1,2016,True,vacation,0.2705307560026008
2016-01-02 00:00:00+05:30,Saturday,5,True,1,2016,False,semester,0.19022920312428115
2016-01-03 00:00:00+05:30,Sunday,6,True,1,2016,False,semester,0.1735063416469894
2016-01-04 00:00:00+05:30,Monday,0,False,1,2016,False,semester,0.3429333465424537
2016-01-05 00:00:00+05:30,Tuesday,1,False,1,2016,False,semester,0.3529373894951423
2016-01-06 00:00:00+05:30,Wednesday,2,False,1,2016,False,semester,0.3607116790562488
2016-01-07 00:00:00+05:30,Thursday,3,False,1,2016,False,semester,0.2718574876556645
2016-01-08 00:00:00+05:30,Friday,4,False,1,2016,False,semester,0.2464431346457217
2016-01-09 00:00:00+05:30,Saturday,5,True,1,2016,False,semester,0.2152486733775495
2016-01-10 00:00:00+05:30,Sunday,6,True,1,2016,False,semester,0.10774416871551681
2016-01-11 00:00:00+05:30,Monday,0,False,1,2016,False,semester,0.31024389920744877
2016-01-12 00:00:00+05:30,Tuesday,1,False,1,2016,False,semester,0.32670408201549134
2016-01-13 00:00:00+05:30,Wednesday,2,False,1,2016,False,semester,0.2855724751925545
2016-01-14 00:00:00+05:30,Thursday,3,False,1,2016,False,semester,0.17128373526040117
2016-01-15 00:00:00+05:30,Friday,4,False,1,2016,False,semester,0.3356521163221334
2016-01-16 00:00:00+05:30,Saturday,5,True,1,2016,False,semester,0.25040473454114254
2016-01-17 00:00:00+05:30,Sunday,6,True,1,2016,False,semester,0.2893842079559836
2016-01-18 00:00:00+05:30,Monday,0,False,1,2016,False,semester,0.32208941353293535
2016-01-19 00:00:00+05:30,Tuesday,1,False,1,2016,False,semester,0.3463184723080119
2016-01-20 00:00:00+05:30,Wednesday,2,False,1,2016,False,semester,0.3227914634531214
2016-01-21 00:00:00+05:30,Thursday,3,False,1,2016,False,semester,0.3847798480882913
2016-01-22 00:00:00+05:30,Friday,4,False,1,2016,False,semester,0.3674963407438446
2016-01-23 00:00:00+05:30,Saturday,5,True,1,2016,False,semester,0.15740347287717507
2016-01-24 00:00:00+05:30,Sunday,6,True,1,2016,False,semester,0.2140108197354748
2016-01-25 00:00:00+05:30,Monday,0,False,1,2016,False,semester,0.3674021112196618
2016-01-26 00:00:00+05:30,Tuesday,1,False,1,2016,False,semester,0.5307574519311379
2016-01-27 00:00:00+05:30,Wednesday,2,False,1,2016,False,semester,0.43419678173887805
2016-01-28 00:00:00+05:30,Thursday,3,False,1,2016,False,semester,0.30409305925532243
2016-01-29 00:00:00+05:30,Friday,4,False,1,2016,False,semester,0.36384511497184496
2016-01-30 00:00:00+05:30,Saturday,5,True,1,2016,False,semester,0.1571910898124724
2016-01-31 00:00:00+05:30,Sunday,6,True,1,2016,False,semester,0.15427296481398362
2016-02-01 00:00:00+05:30,Monday,0,False,2,2016,False,semester,0.34913245883801075
2016-02-02 00:00:00+05:30,Tuesday,1,False,2,2016,False,semester,0.3246507260735832
2016-02-03 00:00:00+05:30,Wednesday,2,False,2,2016,False,semester,0.37048287918686684
2016-02-04 00:00:00+05:30,Thursday,3,False,2,2016,False,semester,0.38306071166221595
2016-02-05 00:00:00+05:30,Friday,4,False,2,2016,False,semester,0.2659663461351001
2016-02-06 00:00:00+05:30,Saturday,5,True,2,2016,False,semester,0.1364655275891464
2016-02-07 00:00:00+05:30,Sunday,6,True,2,2016,False,semester,0.1805603655794966
2016-02-10 00:00:00+05:30,Wednesday,2,False,2,2016,False,semester,0.20152663998742829
2016-02-11 00:00:00+05:30,Thursday,3,False,2,2016,False,semester,0.2923709476518425
2016-02-12 00:00:00+05:30,Friday,4,False,2,2016,False,semester,0.41700343914389376
2016-02-13 00:00:00+05:30,Saturday,5,True,2,2016,False,semester,0.2461671566108282
2016-02-14 00:00:00+05:30,Sunday,6,True,2,2016,False,semester,0.1999453409823059
2016-02-15 00:00:00+05:30,Monday,0,False,2,2016,False,semester,0.1832491514122013
2016-02-16 00:00:00+05:30,Tuesday,1,False,2,2016,False,semester,0.1980769845724304
2016-02-17 00:00:00+05:30,Wednesday,2,False,2,2016,False,semester,0.13888401080694682
2016-02-18 00:00:00+05:30,Thursday,3,False,2,2016,False,semester,0.2618936059554449
2016-02-19 00:00:00+05:30,Friday,4,False,2,2016,False,semester,0.1777413440266849
2016-02-20 00:00:00+05:30,Saturday,5,True,2,2016,False,semester,0.2021984273201679
2016-02-21 00:00:00+05:30,Sunday,6,True,2,2016,False,semester,0.18005429508089282
2016-02-22 00:00:00+05:30,Monday,0,False,2,2016,False,semester,0.17431098853681276
2016-02-23 00:00:00+05:30,Tuesday,1,False,2,2016,False,semester,0.21651519653754878
2016-02-24 00:00:00+05:30,Wednesday,2,False,2,2016,False,semester,0.18486553206203432
2016-02-25 00:00:00+05:30,Thursday,3,False,2,2016,False,semester,0.13285697073747404
2016-02-26 00:00:00+05:30,Friday,4,False,2,2016,False,semester,0.19063235406604437
2016-02-27 00:00:00+05:30,Saturday,5,True,2,2016,False,semester,0.19275997007530318
2016-02-28 00:00:00+05:30,Sunday,6,True,2,2016,False,semester,0.22777848901959666
2016-02-29 00:00:00+05:30,Monday,0,False,2,2016,False,semester,0.3422740831265378
2016-03-01 00:00:00+05:30,Tuesday,1,False,3,2016,False,semester,0.22753634148393223
2016-03-02 00:00:00+05:30,Wednesday,2,False,3,2016,False,semester,0.23668676649903989
2016-03-03 00:00:00+05:30,Thursday,3,False,3,2016,False,semester,0.20037241426434071
2016-03-04 00:00:00+05:30,Friday,4,False,3,2016,False,semester,0.15733174178004633
2016-03-05 00:00:00+05:30,Saturday,5,True,3,2016,False,semester,0.2116911313856426
2016-03-06 00:00:00+05:30,Sunday,6,True,3,2016,False,semester,0.14791477943366413
2016-03-07 00:00:00+05:30,Monday,0,False,3,2016,False,semester,0.140009999833073
2016-03-08 00:00:00+05:30,Tuesday,1,False,3,2016,False,semester,0.1402290729129445
2016-03-09 00:00:00+05:30,Wednesday,2,False,3,2016,False,semester,0.24313673586014825
2016-03-10 00:00:00+05:30,Thursday,3,False,3,2016,False,semester,0.21792180050041415
2016-03-11 00:00:00+05:30,Friday,4,False,3,2016,False,semester,0.31304455599108516
2016-03-12 00:00:00+05:30,Saturday,5,True,3,2016,False,semester,0.20486589280762663
2016-03-13 00:00:00+05:30,Sunday,6,True,3,2016,False,semester,0.1428388456949137
2016-03-14 00:00:00+05:30,Monday,0,False,3,2016,False,semester,0.15564046350399682
2016-03-15 00:00:00+05:30,Tuesday,1,False,3,2016,False,semester,0.1907155896632194
2016-03-16 00:00:00+05:30,Wednesday,2,False,3,2016,False,semester,0.1765658352192147
2016-03-17 00:00:00+05:30,Thursday,3,False,3,2016,False,semester,0.2425305354646463
2016-03-18 00:00:00+05:30,Friday,4,False,3,2016,False,semester,0.24224243734760678
2016-03-19 00:00:00+05:30,Saturday,5,True,3,2016,False,semester,0.17975264313405936
2016-03-20 00:00:00+05:30,Sunday,6,True,3,2016,False,semester,0.1562899473827892
2016-03-21 00:00:00+05:30,Monday,0,False,3,2016,False,semester,0.34976856122913463
2016-03-22 00:00:00+05:30,Tuesday,1,False,3,2016,False,semester,0.140263053794189
2016-03-23 00:00:00+05:30,Wednesday,2,False,3,2016,False,semester,0.13647104441927937
2016-03-24 00:00:00+05:30,Thursday,3,False,3,2016,False,semester,0.14792489391138877
2016-03-25 00:00:00+05:30,Friday,4,False,3,2016,False,semester,0.14631400979488915
2016-03-26 00:00:00+05:30,Saturday,5,True,3,2016,False,semester,0.17349501164656891
2016-03-27 00:00:00+05:30,Sunday,6,True,3,2016,False,semester,0.19561009198946183
2016-03-28 00:00:00+05:30,Monday,0,False,3,2016,False,semester,0.1835404557829242
2016-03-29 00:00:00+05:30,Tuesday,1,False,3,2016,False,semester,0.20437733896627985
2016-03-30 00:00:00+05:30,Wednesday,2,False,3,2016,False,semester,0.2115765718491262
2016-03-31 00:00:00+05:30,Thursday,3,False,3,2016,False,semester,0.3665548143892397
2016-04-01 00:00:00+05:30,Friday,4,False,4,2016,False,semester,0.32116268898889044
2016-04-02 00:00:00+05:30,Saturday,5,True,4,2016,False,semester,0.21115623637850237
2016-04-03 00:00:00+05:30,Sunday,6,True,4,2016,False,semester,0.16530437927762026
2016-04-04 00:00:00+05:30,Monday,0,False,4,2016,False,semester,0.365926718309339
2016-04-05 00:00:00+05:30,Tuesday,1,False,4,2016,False,semester,0.29402494886045694
2016-04-06 00:00:00+05:30,Wednesday,2,False,4,2016,False,semester,0.33942012501003066
2016-04-07 00:00:00+05:30,Thursday,3,False,4,2016,False,semester,0.38319332370443293
2016-04-08 00:00:00+05:30,Friday,4,False,4,2016,False,semester,0.21193652260110493
2016-04-09 00:00:00+05:30,Saturday,5,True,4,2016,False,semester,0.2862780104018655
2016-04-10 00:00:00+05:30,Sunday,6,True,4,2016,False,semester,0.2513328262862225
2016-04-11 00:00:00+05:30,Monday,0,False,4,2016,False,semester,0.17060743610458537
2016-04-12 00:00:00+05:30,Tuesday,1,False,4,2016,False,semester,0.20396078827860595
2016-04-13 00:00:00+05:30,Wednesday,2,False,4,2016,False,semester,0.21954939742332935
2016-04-14 00:00:00+05:30,Thursday,3,False,4,2016,False,semester,0.4639108149818546
2016-04-15 00:00:00+05:30,Friday,4,False,4,2016,False,semester,0.28524944913701145
2016-04-16 00:00:00+05:30,Saturday,5,True,4,2016,False,semester,0.16223413343511192
2016-04-17 00:00:00+05:30,Sunday,6,True,4,2016,False,semester,0.44309814742983744
2016-04-19 00:00:00+05:30,Tuesday,1,False,4,2016,False,semester,0.32787635536415627
2016-04-20 00:00:00+05:30,Wednesday,2,False,4,2016,False,semester,0.20349404676348654
2016-04-21 00:00:00+05:30,Thursday,3,False,4,2016,False,semester,0.42990766892661414
2016-04-22 00:00:00+05:30,Friday,4,False,4,2016,False,semester,0.3415793619963557
2016-04-23 00:00:00+05:30,Saturday,5,True,4,2016,False,semester,0.36763089880645056
2016-04-24 00:00:00+05:30,Sunday,6,True,4,2016,False,semester,0.14080983283567142
2016-04-25 00:00:00+05:30,Monday,0,False,4,2016,False,semester,0.2860780370892729
2016-04-26 00:00:00+05:30,Tuesday,1,False,4,2016,False,semester,0.36081934614249855
2016-04-27 00:00:00+05:30,Wednesday,2,False,4,2016,False,semester,0.26740312472590444
2016-04-28 00:00:00+05:30,Thursday,3,False,4,2016,False,semester,0.14708195721853007
2016-04-29 00:00:00+05:30,Friday,4,False,4,2016,False,semester,0.2550520047903627
2016-04-30 00:00:00+05:30,Saturday,5,True,4,2016,False,semester,0.3947890949550877
2016-05-01 00:00:00+05:30,Sunday,6,True,5,2016,False,semester,0.32720811219609186
2016-05-02 00:00:00+05:30,Monday,0,False,5,2016,False,semester,0.3867414721898186
2016-05-03 00:00:00+05:30,Tuesday,1,False,5,2016,False,semester,0.2235956199136086
2016-05-04 00:00:00+05:30,Wednesday,2,False,5,2016,False,semester,0.37030272858522584
2016-05-05 00:00:00+05:30,Thursday,3,False,5,2016,False,semester,0.22922751254949963
2016-05-06 00:00:00+05:30,Friday,4,False,5,2016,False,semester,0.387080016356141
2016-05-07 00:00:00+05:30,Saturday,5,True,5,2016,False,semester,0.20204208908376856
2016-05-08 00:00:00+05:30,Sunday,6,True,5,2016,False,semester,0.26084022023623693
2016-05-09 00:00:00+05:30,Monday,0,False,5,2016,False,semester,0.26400755877858545
2016-05-10 00:00:00+05:30,Tuesday,1,False,5,2016,False,semester,0.25411411748372614
2016-05-11 00:00:00+05:30,Wednesday,2,False,5,2016,False,semester,0.24566264212644742
2016-05-12 00:00:00+05:30,Thursday,3,False,5,2016,False,semester,0.21971576702422987
2016-05-13 00:00:00+05:30,Friday,4,False,5,2016,False,semester,0.2327813127787663
2016-05-14 00:00:00+05:30,Saturday,5,True,5,2016,False,semester,0.23270972798136774
2016-05-15 00:00:00+05:30,Sunday,6,True,5,2016,False,semester,0.40799917619733383
2016-05-16 00:00:00+05:30,Monday,0,False,5,2016,True,vacation,0.12560028233916068
2016-05-17 00:00:00+05:30,Tuesday,1,False,5,2016,True,vacation,0.30291495412311037
2016-05-18 00:00:00+05:30,Wednesday,2,False,5,2016,True,vacation,0.251169693245075
2016-05-19 00:00:00+05:30,Thursday,3,False,5,2016,True,vacation,0.22740054004328658
2016-05-20 00:00:00+05:30,Friday,4,False,5,2016,True,vacation,0.42809606921480825
2016-05-21 00:00:00+05:30,Saturday,5,True,5,2016,True,vacation,0.22479075831761705
2016-05-22 00:00:00+05:30,Sunday,6,True,5,2016,True,vacation,0.2612262381636382
2016-05-23 00:00:00+05:30,Monday,0,False,5,2016,True,vacation,0.12548116850897062
2016-05-24 00:00:00+05:30,Tuesday,1,False,5,2016,True,vacation,0.2322787471786277
2016-05-25 00:00:00+05:30,Wednesday,2,False,5,2016,True,vacation,0.26405133918155665
2016-05-26 00:00:00+05:30,Thursday,3,False,5,2016,True,vacation,0.19848539936182183
2016-05-27 00:00:00+05:30,Friday,4,False,5,2016,True,vacation,0.2543419942261824
2016-05-28 00:00:00+05:30,Saturday,5,True,5,2016,True,vacation,0.2780808204834151
2016-05-29 00:00:00+05:30,Sunday,6,True,5,2016,True,vacation,0.22848789629199945
2016-05-30 00:00:00+05:30,Monday,0,False,5,2016,True,vacation,0.23932993131118221
2016-05-31 00:00:00+05:30,Tuesday,1,False,5,2016,True,vacation,0.24623838805423603
2016-06-01 00:00:00+05:30,Wednesday,2,False,6,2016,True,vacation,0.2281023016969545
2016-06-02 00:00:00+05:30,Thursday,3,False,6,2016,True,vacation,0.34045044004491415
2016-06-03 00:00:00+05:30,Friday,4,False,6,2016,True,vacation,0.21858168306847148
2016-06-04 00:00:00+05:30,Saturday,5,True,6,2016,True,vacation,0.21272868438621287
2016-06-05 00:00:00+05:30,Sunday,6,True,6,2016,True,vacation,0.20430928209105315
2016-06-06 00:00:00+05:30,Monday,0,False,6,2016,True,vacation,0.3049819034295632
2016-06-07 00:00:00+05:30,Tuesday,1,False,6,2016,True,vacation,0.3351945741548579
2016-06-08 00:00:00+05:30,Wednesday,2,False,6,2016,True,vacation,0.3637558103295139
2016-06-09 00:00:00+05:30,Thursday,3,False,6,2016,True,vacation,0.39948375634700467
2016-06-10 00:00:00+05:30,Friday,4,False,6,2016,True,vacation,0.45242002606611514
2016-06-11 00:00:00+05:30,Saturday,5,True,6,2016,True,vacation,0.37688639866777746
2016-06-12 00:00:00+05:30,Sunday,6,True,6,2016,True,vacation,0.09892919655276522
2016-06-13 00:00:00+05:30,Monday,0,False,6,2016,True,vacation,0.26775113890092517
2016-06-14 00:00:00+05:30,Tuesday,1,False,6,2016,True,vacation,0.26328655885744867
2016-06-15 00:00:00+05:30,Wednesday,2,False,6,2016,True,vacation,1.0590186689307204
2016-06-16 00:00:00+05:30,Thursday,3,False,6,2016,True,vacation,0.42277440368498637
2016-06-17 00:00:00+05:30,Friday,4,False,6,2016,True,vacation,0.5030524586979015
2016-06-18 00:00:00+05:30,Saturday,5,True,6,2016,True,vacation,0.19346627590004084
2016-06-19 00:00:00+05:30,Sunday,6,True,6,2016,True,vacation,0.4300521376776609
2016-06-20 00:00:00+05:30,Monday,0,False,6,2016,True,vacation,0.39105364573649476
2016-06-21 00:00:00+05:30,Tuesday,1,False,6,2016,True,vacation,0.3025716325162032
2016-06-22 00:00:00+05:30,Wednesday,2,False,6,2016,True,vacation,0.22592590493967948
2016-06-23 00:00:00+05:30,Thursday,3,False,6,2016,True,vacation,0.4088828129933168
2016-06-24 00:00:00+05:30,Friday,4,False,6,2016,True,vacation,0.3251849838441261
2016-06-25 00:00:00+05:30,Saturday,5,True,6,2016,True,vacation,0.20701146876250032
2016-06-26 00:00:00+05:30,Sunday,6,True,6,2016,True,vacation,0.19412720739571712
2016-06-27 00:00:00+05:30,Monday,0,False,6,2016,True,vacation,0.24215677864740973
2016-06-28 00:00:00+05:30,Tuesday,1,False,6,2016,True,vacation,0.22390339208910529
2016-06-29 00:00:00+05:30,Wednesday,2,False,6,2016,True,vacation,0.3070304926916469
2016-06-30 00:00:00+05:30,Thursday,3,False,6,2016,True,vacation,0.25564362924458467
2016-07-01 00:00:00+05:30,Friday,4,False,7,2016,True,vacation,0.3281090470739923
2016-07-02 00:00:00+05:30,Saturday,5,True,7,2016,True,vacation,0.19768823902149085
2016-07-03 00:00:00+05:30,Sunday,6,True,7,2016,True,vacation,0.1883354721794711
2016-07-04 00:00:00+05:30,Monday,0,False,7,2016,True,vacation,0.3770817903190961
2016-07-05 00:00:00+05:30,Tuesday,1,False,7,2016,True,vacation,0.2686232905994818
2016-07-06 00:00:00+05:30,Wednesday,2,False,7,2016,True,vacation,0.3632563635544334
2016-07-07 00:00:00+05:30,Thursday,3,False,7,2016,True,vacation,0.2585779269918813
2016-07-08 00:00:00+05:30,Friday,4,False,7,2016,True,vacation,0.3075076779687206
2016-07-09 00:00:00+05:30,Saturday,5,True,7,2016,True,vacation,0.1831590141586689
2016-07-10 00:00:00+05:30,Sunday,6,True,7,2016,True,vacation,0.5300380801788332
2016-07-11 00:00:00+05:30,Monday,0,False,7,2016,True,vacation,0.3287411181128487
2016-07-12 00:00:00+05:30,Tuesday,1,False,7,2016,True,vacation,0.4235112099446688
2016-07-13 00:00:00+05:30,Wednesday,2,False,7,2016,True,vacation,0.42427892095912906
2016-07-14 00:00:00+05:30,Thursday,3,False,7,2016,True,vacation,0.6388899051816631
2016-07-15 00:00:00+05:30,Friday,4,False,7,2016,True,vacation,0.5425460266491416
2016-07-16 00:00:00+05:30,Saturday,5,True,7,2016,True,vacation,0.16633002226833818
2016-07-17 00:00:00+05:30,Sunday,6,True,7,2016,True,vacation,0.15225227668139565
2016-07-18 00:00:00+05:30,Monday,0,False,7,2016,True,vacation,0.4619338828754789
2016-07-19 00:00:00+05:30,Tuesday,1,False,7,2016,True,vacation,0.6219481563415266
2016-07-20 00:00:00+05:30,Wednesday,2,False,7,2016,True,vacation,0.6851049683927584
2016-07-21 00:00:00+05:30,Thursday,3,False,7,2016,True,vacation,0.5233993968608625
2016-07-22 00:00:00+05:30,Friday,4,False,7,2016,True,vacation,0.5977631811099164
2016-07-23 00:00:00+05:30,Saturday,5,True,7,2016,True,vacation,0.3394900177799862
2016-07-24 00:00:00+05:30,Sunday,6,True,7,2016,True,vacation,0.1757837705939589
2016-07-25 00:00:00+05:30,Monday,0,False,7,2016,True,vacation,0.5735677966196869
2016-07-26 00:00:00+05:30,Tuesday,1,False,7,2016,True,vacation,0.47085223110273144
2016-07-27 00:00:00+05:30,Wednesday,2,False,7,2016,True,vacation,0.7829741238424383
2016-07-28 00:00:00+05:30,Thursday,3,False,7,2016,True,vacation,0.7051778810339439
2016-07-29 00:00:00+05:30,Friday,4,False,7,2016,True,vacation,0.23720039598357284
2016-07-30 00:00:00+05:30,Saturday,5,True,7,2016,True,vacation,0.4856450955892524
2016-07-31 00:00:00+05:30,Sunday,6,True,7,2016,True,vacation,0.6779726326962585
2016-08-01 00:00:00+05:30,Monday,0,False,8,2016,False,semester,0.3302626959136414
2016-08-02 00:00:00+05:30,Tuesday,1,False,8,2016,False,semester,0.32191183331911605
2016-08-03 00:00:00+05:30,Wednesday,2,False,8,2016,False,semester,0.6431501859938649
2016-08-04 00:00:00+05:30,Thursday,3,False,8,2016,False,semester,0.5759038035742126
2016-08-05 00:00:00+05:30,Friday,4,False,8,2016,False,semester,0.3585811062197184
2016-08-06 00:00:00+05:30,Saturday,5,True,8,2016,False,semester,0.287393576494313
2016-08-07 00:00:00+05:30,Sunday,6,True,8,2016,False,semester,0.10538419283227181
2016-08-08 00:00:00+05:30,Monday,0,False,8,2016,False,semester,0.5543468542298136
2016-08-09 00:00:00+05:30,Tuesday,1,False,8,2016,False,semester,0.7002153417443554
2016-08-10 00:00:00+05:30,Wednesday,2,False,8,2016,False,semester,0.3349022874728789
2016-08-11 00:00:00+05:30,Thursday,3,False,8,2016,False,semester,0.3366174491541631
2016-08-12 00:00:00+05:30,Friday,4,False,8,2016,False,semester,0.5081354502996962
2016-08-13 00:00:00+05:30,Saturday,5,True,8,2016,False,semester,0.2770537975722236
2016-08-14 00:00:00+05:30,Sunday,6,True,8,2016,False,semester,0.22197623346994313
2016-08-15 00:00:00+05:30,Monday,0,False,8,2016,False,semester,0.24633246124198185
2016-08-16 00:00:00+05:30,Tuesday,1,False,8,2016,False,semester,0.2643638721485436
2016-08-17 00:00:00+05:30,Wednesday,2,False,8,2016,False,semester,0.41584830589361593
2016-08-18 00:00:00+05:30,Thursday,3,False,8,2016,False,semester,0.2690638668971082
2016-08-19 00:00:00+05:30,Friday,4,False,8,2016,False,semester,0.39646529067790154
2016-08-20 00:00:00+05:30,Saturday,5,True,8,2016,False,semester,0.543453176256639
2016-08-21 00:00:00+05:30,Sunday,6,True,8,2016,False,semester,0.17423792667342392
2016-08-22 00:00:00+05:30,Monday,0,False,8,2016,False,semester,0.25345211309907634
2016-08-23 00:00:00+05:30,Tuesday,1,False,8,2016,False,semester,0.27287048418114934
2016-08-24 00:00:00+05:30,Wednesday,2,False,8,2016,False,semester,0.37758139821309306
2016-08-25 00:00:00+05:30,Thursday,3,False,8,2016,False,semester,0.21608697058180054
2016-08-26 00:00:00+05:30,Friday,4,False,8,2016,False,semester,0.45027711793160236
2016-08-27 00:00:00+05:30,Saturday,5,True,8,2016,False,semester,0.9767450401250143
2016-08-28 00:00:00+05:30,Sunday,6,True,8,2016,False,semester,0.1868260398175036
2016-08-29 00:00:00+05:30,Monday,0,False,8,2016,False,semester,0.2859720803746934
2016-08-30 00:00:00+05:30,Tuesday,1,False,8,2016,False,semester,0.2723415723852222
2016-08-31 00:00:00+05:30,Wednesday,2,False,8,2016,False,semester,0.3297985808665309
2016-09-01 00:00:00+05:30,Thursday,3,False,9,2016,False,semester,0.32792949840565344
2016-09-02 00:00:00+05:30,Friday,4,False,9,2016,False,semester,0.39983212033309123
2016-09-03 00:00:00+05:30,Saturday,5,True,9,2016,False,semester,0.34778331161947007
2016-09-04 00:00:00+05:30,Sunday,6,True,9,2016,False,semester,0.12557754585133216
2016-09-05 00:00:00+05:30,Monday,0,False,9,2016,False,semester,0.35944746287695284
2016-09-06 00:00:00+05:30,Tuesday,1,False,9,2016,False,semester,0.33591363400588997
2016-09-07 00:00:00+05:30,Wednesday,2,False,9,2016,False,semester,0.3698210181958838
2016-09-08 00:00:00+05:30,Thursday,3,False,9,2016,False,semester,0.3089054281744467
2016-09-09 00:00:00+05:30,Friday,4,False,9,2016,False,semester,0.4601301944928586
2016-09-10 00:00:00+05:30,Saturday,5,True,9,2016,False,semester,0.19271641130590658
2016-09-11 00:00:00+05:30,Sunday,6,True,9,2016,False,semester,0.15728340300840923
2016-09-12 00:00:00+05:30,Monday,0,False,9,2016,False,semester,0.3042896898288663
2016-09-13 00:00:00+05:30,Tuesday,1,False,9,2016,False,semester,0.47731930436144226
2016-09-14 00:00:00+05:30,Wednesday,2,False,9,2016,False,semester,0.2836588392215312
2016-09-15 00:00:00+05:30,Thursday,3,False,9,2016,False,semester,0.3867047304637346
2016-09-16 00:00:00+05:30,Friday,4,False,9,2016,False,semester,0.2737401893680322
2016-09-17 00:00:00+05:30,Saturday,5,True,9,2016,False,semester,0.44452677540152075
2016-09-18 00:00:00+05:30,Sunday,6,True,9,2016,False,semester,0.24745502561985291
2016-09-19 00:00:00+05:30,Monday,0,False,9,2016,False,semester,0.25024673263868846
2016-09-20 00:00:00+05:30,Tuesday,1,False,9,2016,False,semester,0.28236953528551445
2016-09-21 00:00:00+05:30,Wednesday,2,False,9,2016,False,semester,0.36621117115589513
2016-09-22 00:00:00+05:30,Thursday,3,False,9,2016,False,semester,0.41109277038245806
2016-09-23 00:00:00+05:30,Friday,4,False,9,2016,False,semester,0.25749241522794003
2016-09-24 00:00:00+05:30,Saturday,5,True,9,2016,False,semester,0.27672396751382666
2016-09-25 00:00:00+05:30,Sunday,6,True,9,2016,False,semester,0.1052066633423522
2016-09-26 00:00:00+05:30,Monday,0,False,9,2016,False,semester,0.28631721103041785
2016-09-27 00:00:00+05:30,Tuesday,1,False,9,2016,False,semester,0.2699388336110764
2016-09-28 00:00:00+05:30,Wednesday,2,False,9,2016,False,semester,0.3529101407676184
2016-09-29 00:00:00+05:30,Thursday,3,False,9,2016,False,semester,0.3010703266687993
2016-09-30 00:00:00+05:30,Friday,4,False,9,2016,False,semester,0.3136698412032775
2016-10-01 00:00:00+05:30,Saturday,5,True,10,2016,False,semester,0.1450551231680025
2016-10-02 00:00:00+05:30,Sunday,6,True,10,2016,False,semester,0.2568200574615452
2016-10-03 00:00:00+05:30,Monday,0,False,10,2016,False,semester,0.3768308724070773
2016-10-04 00:00:00+05:30,Tuesday,1,False,10,2016,False,semester,0.3317586242038721
2016-10-05 00:00:00+05:30,Wednesday,2,False,10,2016,False,semester,0.32393753627305893
2016-10-06 00:00:00+05:30,Thursday,3,False,10,2016,False,semester,0.32650102735792474
2016-10-07 00:00:00+05:30,Friday,4,False,10,2016,False,semester,0.38863791555485006
2016-10-08 00:00:00+05:30,Saturday,5,True,10,2016,False,semester,0.24923927267461352
2016-10-09 00:00:00+05:30,Sunday,6,True,10,2016,False,semester,0.0969587834432516
2016-10-10 00:00:00+05:30,Monday,0,False,10,2016,False,semester,0.24513378190956417
2016-10-11 00:00:00+05:30,Tuesday,1,False,10,2016,False,semester,0.13953076581081122
2016-10-12 00:00:00+05:30,Wednesday,2,False,10,2016,False,semester,0.2272071619442673
2016-10-13 00:00:00+05:30,Thursday,3,False,10,2016,False,semester,0.22697638582296384
2016-10-14 00:00:00+05:30,Friday,4,False,10,2016,False,semester,0.13057323601633522
2016-10-15 00:00:00+05:30,Saturday,5,True,10,2016,False,semester,0.18009285263340527
2016-10-16 00:00:00+05:30,Sunday,6,True,10,2016,False,semester,0.17040637625475297
2016-10-17 00:00:00+05:30,Monday,0,False,10,2016,False,semester,0.30478379106216896
2016-10-18 00:00:00+05:30,Tuesday,1,False,10,2016,False,semester,0.300001386275817
2016-10-19 00:00:00+05:30,Wednesday,2,False,10,2016,False,semester,0.2731408738207491
2016-10-20 00:00:00+05:30,Thursday,3,False,10,2016,False,semester,0.245540179060099
2016-10-21 00:00:00+05:30,Friday,4,False,10,2016,False,semester,0.2556775755708774
2016-10-22 00:00:00+05:30,Saturday,5,True,10,2016,False,semester,0.15095536394474982
2016-10-23 00:00:00+05:30,Sunday,6,True,10,2016,False,semester,0.20045814770967416
2016-10-24 00:00:00+05:30,Monday,0,False,10,2016,False,semester,0.3181826444234993
2016-10-25 00:00:00+05:30,Tuesday,1,False,10,2016,False,semester,0.2264379493172965
2016-10-26 00:00:00+05:30,Wednesday,2,False,10,2016,False,semester,0.25607088073412837
2016-10-27 00:00:00+05:30,Thursday,3,False,10,2016,False,semester,0.17811867746974708
2016-10-28 00:00:00+05:30,Friday,4,False,10,2016,False,semester,0.3415649750515328
2016-10-29 00:00:00+05:30,Saturday,5,True,10,2016,False,semester,0.21915334866471575
2016-10-30 00:00:00+05:30,Sunday,6,True,10,2016,False,semester,0.12147596738905864
2016-10-31 00:00:00+05:30,Monday,0,False,10,2016,False,semester,0.2332305975740139
2016-11-01 00:00:00+05:30,Tuesday,1,False,11,2016,False,semester,0.2723665946843724
2016-11-02 00:00:00+05:30,Wednesday,2,False,11,2016,False,semester,0.3001751420579354
2016-11-03 00:00:00+05:30,Thursday,3,False,11,2016,False,semester,0.2688555090385668
2016-11-04 00:00:00+05:30,Friday,4,False,11,2016,False,semester,0.22898696201261498
2016-11-05 00:00:00+05:30,Saturday,5,True,11,2016,False,semester,0.18258578314565788
2016-11-06 00:00:00+05:30,Sunday,6,True,11,2016,False,semester,0.12370450654596032
2016-11-07 00:00:00+05:30,Monday,0,False,11,2016,False,semester,0.2332426071737477
2016-11-08 00:00:00+05:30,Tuesday,1,False,11,2016,False,semester,0.30540494251351374
2016-11-09 00:00:00+05:30,Wednesday,2,False,11,2016,False,semester,0.2671675739951199
2016-11-10 00:00:00+05:30,Thursday,3,False,11,2016,False,semester,0.2812453113117838
2016-11-11 00:00:00+05:30,Friday,4,False,11,2016,False,semester,0.5886063298165909
2016-11-12 00:00:00+05:30,Saturday,5,True,11,2016,False,semester,0.18864721767395407
2016-11-13 00:00:00+05:30,Sunday,6,True,11,2016,False,semester,0.21007094194147236
2016-11-14 00:00:00+05:30,Monday,0,False,11,2016,False,semester,0.29795970086170315
2016-11-15 00:00:00+05:30,Tuesday,1,False,11,2016,False,semester,0.40101807864370587
2016-11-16 00:00:00+05:30,Wednesday,2,False,11,2016,False,semester,0.2542305335342078
2016-11-17 00:00:00+05:30,Thursday,3,False,11,2016,False,semester,0.25316657992513336
2016-11-18 00:00:00+05:30,Friday,4,False,11,2016,False,semester,0.24354196287701058
2016-11-19 00:00:00+05:30,Saturday,5,True,11,2016,False,semester,0.20067322373414892
2016-11-20 00:00:00+05:30,Sunday,6,True,11,2016,False,semester,0.17556608981617722
2016-11-21 00:00:00+05:30,Monday,0,False,11,2016,False,semester,0.22161932715000526
2016-11-22 00:00:00+05:30,Tuesday,1,False,11,2016,False,semester,0.17294362688479445
2016-11-23 00:00:00+05:30,Wednesday,2,False,11,2016,False,semester,0.19195999226527427
2016-11-24 00:00:00+05:30,Thursday,3,False,11,2016,False,semester,0.21434620719397862
2016-11-25 00:00:00+05:30,Friday,4,False,11,2016,False,semester,0.28060539194627615
2016-11-26 00:00:00+05:30,Saturday,5,True,11,2016,False,semester,0.24060623453040028
2016-11-27 00:00:00+05:30,Sunday,6,True,11,2016,False,semester,0.1738943187197179
2016-11-28 00:00:00+05:30,Monday,0,False,11,2016,False,semester,0.23111814057558183
2016-11-29 00:00:00+05:30,Tuesday,1,False,11,2016,False,semester,0.2136240642427875
2016-11-30 00:00:00+05:30,Wednesday,2,False,11,2016,False,semester,0.2131154290777376
2016-12-01 00:00:00+05:30,Thursday,3,False,12,2016,False,semester,0.21726484732293458
2016-12-02 00:00:00+05:30,Friday,4,False,12,2016,False,semester,0.2613629394636893
2016-12-03 00:00:00+05:30,Saturday,5,True,12,2016,False,semester,0.13555119414014388
2016-12-04 00:00:00+05:30,Sunday,6,True,12,2016,False,semester,0.13844917220555986
2016-12-05 00:00:00+05:30,Monday,0,False,12,2016,False,semester,0.14375033363885195
2016-12-06 00:00:00+05:30,Tuesday,1,False,12,2016,False,semester,0.21467651615608527
2016-12-07 00:00:00+05:30,Wednesday,2,False,12,2016,False,semester,0.21124719989949836
2016-12-08 00:00:00+05:30,Thursday,3,False,12,2016,False,semester,0.15867918493477565
2016-12-09 00:00:00+05:30,Friday,4,False,12,2016,False,semester,0.26965754388466984
2016-12-10 00:00:00+05:30,Saturday,5,True,12,2016,False,semester,0.22464150813295303
2016-12-11 00:00:00+05:30,Sunday,6,True,12,2016,False,semester,0.18477967873244217
2016-12-12 00:00:00+05:30,Monday,0,False,12,2016,False,semester,0.30854340663940316
2016-12-13 00:00:00+05:30,Tuesday,1,False,12,2016,False,semester,0.16682922044175688
2016-12-14 00:00:00+05:30,Wednesday,2,False,12,2016,False,semester,0.1289079842272285
2016-12-15 00:00:00+05:30,Thursday,3,False,12,2016,False,semester,0.17278236890692622
2016-12-16 00:00:00+05:30,Friday,4,False,12,2016,True,vacation,0.20099952653643113
2016-12-17 00:00:00+05:30,Saturday,5,True,12,2016,True,vacation,0.14301234845784602
2016-12-18 00:00:00+05:30,Sunday,6,True,12,2016,True,vacation,0.10950398781744414
2016-12-19 00:00:00+05:30,Monday,0,False,12,2016,True,vacation,0.24081215408620152
2016-12-20 00:00:00+05:30,Tuesday,1,False,12,2016,True,vacation,0.1973168784270459
2016-12-21 00:00:00+05:30,Wednesday,2,False,12,2016,True,vacation,0.16175588367441995
2016-12-22 00:00:00+05:30,Thursday,3,False,12,2016,True,vacation,0.10469837065574601
2016-12-23 00:00:00+05:30,Friday,4,False,12,2016,True,vacation,0.1691142721076952
2016-12-24 00:00:00+05:30,Saturday,5,True,12,2016,True,vacation,0.1140104723409514
2016-12-25 00:00:00+05:30,Sunday,6,True,12,2016,True,vacation,0.0842697080587907
2016-12-26 00:00:00+05:30,Monday,0,False,12,2016,True,vacation,0.3442749322776758
2016-12-27 00:00:00+05:30,Tuesday,1,False,12,2016,True,vacation,0.16380820250025546
2016-12-28 00:00:00+05:30,Wednesday,2,False,12,2016,True,vacation,0.3597239801262974
2016-12-29 00:00:00+05:30,Thursday,3,False,12,2016,True,vacation,0.1440409026740201
2016-12-30 00:00:00+05:30,Friday,4,False,12,2016,True,vacation,0.2562497948193388
2016-12-31 00:00:00+05:30,Saturday,5,True,12,2016,True,vacation,0.13968005411889212
2017-01-01 00:00:00+05:30,Sunday,6,True,1,2017,True,vacation,0.16879197540651678
2017-01-02 00:00:00+05:30,Monday,0,False,1,2017,False,semester,0.3251454961932213
2017-01-03 00:00:00+05:30,Tuesday,1,False,1,2017,False,semester,0.40533755553248585
2017-01-04 00:00:00+05:30,Wednesday,2,False,1,2017,False,semester,0.3426231017377336
2017-01-05 00:00:00+05:30,Thursday,3,False,1,2017,False,semester,0.3569286486357345
2017-01-06 00:00:00+05:30,Friday,4,False,1,2017,False,semester,0.39322466399103573
2017-01-07 00:00:00+05:30,Saturday,5,True,1,2017,False,semester,0.1687918145469274
2017-01-08 00:00:00+05:30,Sunday,6,True,1,2017,False,semester,0.20260915159861778
2017-01-09 00:00:00+05:30,Monday,0,False,1,2017,False,semester,0.3896104132604288
2017-01-10 00:00:00+05:30,Tuesday,1,False,1,2017,False,semester,0.4520556582156199
2017-01-11 00:00:00+05:30,Wednesday,2,False,1,2017,False,semester,0.43633537898445685
2017-01-12 00:00:00+05:30,Thursday,3,False,1,2017,False,semester,0.42606908117890624
2017-01-13 00:00:00+05:30,Friday,4,False,1,2017,False,semester,0.3996803055468899
2017-01-14 00:00:00+05:30,Saturday,5,True,1,2017,False,semester,0.23134888597758485
2017-01-15 00:00:00+05:30,Sunday,6,True,1,2017,False,semester,0.16186083878522872
2017-01-16 00:00:00+05:30,Monday,0,False,1,2017,False,semester,0.30380826244331766
2017-01-17 00:00:00+05:30,Tuesday,1,False,1,2017,False,semester,0.31853519261007746
2017-01-18 00:00:00+05:30,Wednesday,2,False,1,2017,False,semester,0.3692427186871498
2017-01-19 00:00:00+05:30,Thursday,3,False,1,2017,False,semester,0.3286944963382625
2017-01-20 00:00:00+05:30,Friday,4,False,1,2017,False,semester,0.28211404536389867
2017-01-21 00:00:00+05:30,Saturday,5,True,1,2017,False,semester,0.2578015382457265
2017-01-22 00:00:00+05:30,Sunday,6,True,1,2017,False,semester,0.2895449527964058
2017-01-23 00:00:00+05:30,Monday,0,False,1,2017,False,semester,0.41430498404643923
2017-01-24 00:00:00+05:30,Tuesday,1,False,1,2017,False,semester,0.47542905711966343
2017-01-25 00:00:00+05:30,Wednesday,2,False,1,2017,False,semester,0.3941795305936584
2017-01-26 00:00:00+05:30,Thursday,3,False,1,2017,False,semester,0.284999701370877
2017-01-27 00:00:00+05:30,Friday,4,False,1,2017,False,semester,0.3380893631103283
2017-01-28 00:00:00+05:30,Saturday,5,True,1,2017,False,semester,0.19736155463749078
2017-01-29 00:00:00+05:30,Sunday,6,True,1,2017,False,semester,0.19089325133953888
2017-01-30 00:00:00+05:30,Monday,0,False,1,2017,False,semester,0.34154863109725364
2017-01-31 00:00:00+05:30,Tuesday,1,False,1,2017,False,semester,0.3977212338001221
2017-02-01 00:00:00+05:30,Wednesday,2,False,2,2017,False,semester,0.43536724717844527
2017-02-02 00:00:00+05:30,Thursday,3,False,2,2017,False,semester,0.28491098209675136
2017-02-03 00:00:00+05:30,Friday,4,False,2,2017,False,semester,0.20903450045426367
2017-02-04 00:00:00+05:30,Saturday,5,True,2,2017,False,semester,0.14754875773633808
2017-02-05 00:00:00+05:30,Sunday,6,True,2,2017,False,semester,0.1782859089006233
2017-02-06 00:00:00+05:30,Monday,0,False,2,2017,False,semester,0.4168442435052526
2017-02-07 00:00:00+05:30,Tuesday,1,False,2,2017,False,semester,0.2422744801224073
2017-02-08 00:00:00+05:30,Wednesday,2,False,2,2017,False,semester,0.2576017645237298
2017-02-09 00:00:00+05:30,Thursday,3,False,2,2017,False,semester,0.43403776709425973
2017-02-10 00:00:00+05:30,Friday,4,False,2,2017,False,semester,0.30876630844404146
2017-02-11 00:00:00+05:30,Saturday,5,True,2,2017,False,semester,0.1097874052066108
2017-02-12 00:00:00+05:30,Sunday,6,True,2,2017,False,semester,0.14162105996044982
2017-02-13 00:00:00+05:30,Monday,0,False,2,2017,False,semester,0.208391394664931
2017-02-14 00:00:00+05:30,Tuesday,1,False,2,2017,False,semester,0.2774623109691546
2017-02-15 00:00:00+05:30,Wednesday,2,False,2,2017,False,semester,0.25453463857508807
2017-02-16 00:00:00+05:30,Thursday,3,False,2,2017,False,semester,0.45680083279363703
2017-02-17 00:00:00+05:30,Friday,4,False,2,2017,False,semester,0.24891152904474775
2017-02-18 00:00:00+05:30,Saturday,5,True,2,2017,False,semester,0.15514069191084057
2017-02-19 00:00:00+05:30,Sunday,6,True,2,2017,False,semester,0.17287420129584516
2017-02-20 00:00:00+05:30,Monday,0,False,2,2017,False,semester,0.19835070167134883
2017-02-21 00:00:00+05:30,Tuesday,1,False,2,2017,False,semester,0.31560642309077397
2017-02-22 00:00:00+05:30,Wednesday,2,False,2,2017,False,semester,0.15560831480005477
2017-02-23 00:00:00+05:30,Thursday,3,False,2,2017,False,semester,0.2088499845139456
2017-02-24 00:00:00+05:30,Friday,4,False,2,2017,False,semester,0.18703153573698023
2017-02-25 00:00:00+05:30,Saturday,5,True,2,2017,False,semester,0.1411306401121433
2017-02-26 00:00:00+05:30,Sunday,6,True,2,2017,False,semester,0.09825058770596101
2017-02-27 00:00:00+05:30,Monday,0,False,2,2017,False,semester,0.15845341442252242
2017-02-28 00:00:00+05:30,Tuesday,1,False,2,2017,False,semester,0.1818002690565614
2017-03-01 00:00:00+05:30,Wednesday,2,False,3,2017,False,semester,0.5044711071409107
2017-03-02 00:00:00+05:30,Thursday,3,False,3,2017,False,semester,0.2872701870846987
2017-03-03 00:00:00+05:30,Friday,4,False,3,2017,False,semester,0.19536496341380674
2017-03-04 00:00:00+05:30,Saturday,5,True,3,2017,False,semester,0.3915117272596727
2017-03-05 00:00:00+05:30,Sunday,6,True,3,2017,False,semester,0.06594435175948446
2017-03-06 00:00:00+05:30,Monday,0,False,3,2017,False,semester,0.2966507420893808
2017-03-07 00:00:00+05:30,Tuesday,1,False,3,2017,False,semester,0.3714151255922694
2017-03-08 00:00:00+05:30,Wednesday,2,False,3,2017,False,semester,0.28764214319479525
2017-03-09 00:00:00+05:30,Thursday,3,False,3,2017,False,semester,0.2529817198967457
2017-03-10 00:00:00+05:30,Friday,4,False,3,2017,False,semester,0.16158477919038422
2017-03-11 00:00:00+05:30,Saturday,5,True,3,2017,False,semester,0.21895643004278148
2017-03-12 00:00:00+05:30,Sunday,6,True,3,2017,False,semester,0.18587628434076459
2017-03-13 00:00:00+05:30,Monday,0,False,3,2017,False,semester,0.097295590723315
2017-03-14 00:00:00+05:30,Tuesday,1,False,3,2017,False,semester,0.2978499216501571
2017-03-15 00:00:00+05:30,Wednesday,2,False,3,2017,False,semester,0.18641867531882314
2017-03-16 00:00:00+05:30,Thursday,3,False,3,2017,False,semester,0.20814867933390788
2017-03-17 00:00:00+05:30,Friday,4,False,3,2017,False,semester,0.14034095277464548
2017-03-18 00:00:00+05:30,Saturday,5,True,3,2017,False,semester,0.16979620227853126
2017-03-19 00:00:00+05:30,Sunday,6,True,3,2017,False,semester,0.176364207121957
2017-03-20 00:00:00+05:30,Monday,0,False,3,2017,False,semester,0.24335757805031794
2017-03-21 00:00:00+05:30,Tuesday,1,False,3,2017,False,semester,0.24008690139216557
2017-03-22 00:00:00+05:30,Wednesday,2,False,3,2017,False,semester,0.25189607745352155
2017-03-23 00:00:00+05:30,Thursday,3,False,3,2017,False,semester,0.32755466318430043
2017-03-24 00:00:00+05:30,Friday,4,False,3,2017,False,semester,0.5898144530943739
2017-03-25 00:00:00+05:30,Saturday,5,True,3,2017,False,semester,0.2620826493020523
2017-03-26 00:00:00+05:30,Sunday,6,True,3,2017,False,semester,0.1510559109677077
2017-03-27 00:00:00+05:30,Monday,0,False,3,2017,False,semester,0.3096944416601072
2017-03-28 00:00:00+05:30,Tuesday,1,False,3,2017,False,semester,0.43986758950704885
2017-03-29 00:00:00+05:30,Wednesday,2,False,3,2017,False,semester,0.30767290254490315
2017-03-30 00:00:00+05:30,Thursday,3,False,3,2017,False,semester,0.3416511956279595
2017-03-31 00:00:00+05:30,Friday,4,False,3,2017,False,semester,0.21966864419365392
2017-04-01 00:00:00+05:30,Saturday,5,True,4,2017,False,semester,0.2454089086273002
2017-04-02 00:00:00+05:30,Sunday,6,True,4,2017,False,semester,0.2011335466321054
2017-04-03 00:00:00+05:30,Monday,0,False,4,2017,False,semester,0.2622211339490085
2017-04-04 00:00:00+05:30,Tuesday,1,False,4,2017,False,semester,0.24801959697028086
2017-04-05 00:00:00+05:30,Wednesday,2,False,4,2017,False,semester,0.30310996526211653
2017-04-06 00:00:00+05:30,Thursday,3,False,4,2017,False,semester,0.33361678193192496
2017-04-07 00:00:00+05:30,Friday,4,False,4,2017,False,semester,0.29102808690025295
2017-04-08 00:00:00+05:30,Saturday,5,True,4,2017,False,semester,0.2978820051591536
2017-04-09 00:00:00+05:30,Sunday,6,True,4,2017,False,semester,0.24582816337867672
2017-04-10 00:00:00+05:30,Monday,0,False,4,2017,False,semester,0.26264511835239424
2017-04-11 00:00:00+05:30,Tuesday,1,False,4,2017,False,semester,0.2997397039016491
2017-04-12 00:00:00+05:30,Wednesday,2,False,4,2017,False,semester,0.3056258507965815
2017-04-13 00:00:00+05:30,Thursday,3,False,4,2017,False,semester,0.3207339070676962
2017-04-14 00:00:00+05:30,Friday,4,False,4,2017,False,semester,0.22003717640083734
2017-04-15 00:00:00+05:30,Saturday,5,True,4,2017,False,semester,0.13014897907321712
2017-04-16 00:00:00+05:30,Sunday,6,True,4,2017,False,semester,0.1817619727139542
2017-04-17 00:00:00+05:30,Monday,0,False,4,2017,False,semester,0.3523297173777331
2017-04-18 00:00:00+05:30,Tuesday,1,False,4,2017,False,semester,0.43577155121827876
2017-04-19 00:00:00+05:30,Wednesday,2,False,4,2017,False,semester,0.2626052384461661
2017-04-20 00:00:00+05:30,Thursday,3,False,4,2017,False,semester,0.3337632870006994
2017-04-21 00:00:00+05:30,Friday,4,False,4,2017,False,semester,0.3760091932118475
2017-04-22 00:00:00+05:30,Saturday,5,True,4,2017,False,semester,0.4612340627207549
2017-04-23 00:00:00+05:30,Sunday,6,True,4,2017,False,semester,0.11091008281977074
2017-04-24 00:00:00+05:30,Monday,0,False,4,2017,False,semester,0.35421168657664653
2017-04-25 00:00:00+05:30,Tuesday,1,False,4,2017,False,semester,0.3136913733008633
2017-04-26 00:00:00+05:30,Wednesday,2,False,4,2017,False,semester,0.3050921755176042
2017-04-27 00:00:00+05:30,Thursday,3,False,4,2017,False,semester,0.23661676389146666
2017-04-28 00:00:00+05:30,Friday,4,False,4,2017,False,semester,0.27171412059108135
2017-05-01 00:00:00+05:30,Monday,0,False,5,2017,False,semester,0.28441866820173517
2017-05-02 00:00:00+05:30,Tuesday,1,False,5,2017,False,semester,0.2116696795881635
2017-05-03 00:00:00+05:30,Wednesday,2,False,5,2017,False,semester,0.3392211973567914
2017-05-04 00:00:00+05:30,Thursday,3,False,5,2017,False,semester,0.19711352069995688
2017-05-05 00:00:00+05:30,Friday,4,False,5,2017,False,semester,0.23258492123480903
2017-05-06 00:00:00+05:30,Saturday,5,True,5,2017,False,semester,0.2515044004200513
2017-05-07 00:00:00+05:30,Sunday,6,True,5,2017,False,semester,0.13682748162669603
2017-05-08 00:00:00+05:30,Monday,0,False,5,2017,False,semester,0.27725540829185485
2017-05-09 00:00:00+05:30,Tuesday,1,False,5,2017,False,semester,0.25310129141582566
2017-05-10 00:00:00+05:30,Wednesday,2,False,5,2017,False,semester,0.27569086153241634
2017-05-11 00:00:00+05:30,Thursday,3,False,5,2017,False,semester,0.22601991178578215
2017-05-12 00:00:00+05:30,Friday,4,False,5,2017,False,semester,0.38380703417145945
2017-05-13 00:00:00+05:30,Saturday,5,True,5,2017,False,semester,0.2897706187534763
2017-05-14 00:00:00+05:30,Sunday,6,True,5,2017,False,semester,0.28108558531545175
2017-05-15 00:00:00+05:30,Monday,0,False,5,2017,False,semester,0.27605269125634957
2017-05-16 00:00:00+05:30,Tuesday,1,False,5,2017,True,vacation,0.2963854194078804
2017-05-17 00:00:00+05:30,Wednesday,2,False,5,2017,True,vacation,0.1958044963913616
2017-05-18 00:00:00+05:30,Thursday,3,False,5,2017,True,vacation,0.29224269185247936
2017-05-19 00:00:00+05:30,Friday,4,False,5,2017,True,vacation,0.3003169337181144
2017-05-20 00:00:00+05:30,Saturday,5,True,5,2017,True,vacation,0.1798101884481795
2017-05-21 00:00:00+05:30,Sunday,6,True,5,2017,True,vacation,0.39167389301886835
2017-05-22 00:00:00+05:30,Monday,0,False,5,2017,True,vacation,0.2608926669610368
2017-05-23 00:00:00+05:30,Tuesday,1,False,5,2017,True,vacation,0.17699277300528046
2017-05-24 00:00:00+05:30,Wednesday,2,False,5,2017,True,vacation,0.2882466516721634
2017-05-25 00:00:00+05:30,Thursday,3,False,5,2017,True,vacation,0.3548200345214312
2017-05-26 00:00:00+05:30,Friday,4,False,5,2017,True,vacation,0.34356941417919756
2017-05-27 00:00:00+05:30,Saturday,5,True,5,2017,True,vacation,0.2939304543098706
2017-05-28 00:00:00+05:30,Sunday,6,True,5,2017,True,vacation,0.1267538878255162
2017-05-29 00:00:00+05:30,Monday,0,False,5,2017,True,vacation,0.2813012613460767
2017-05-30 00:00:00+05:30,Tuesday,1,False,5,2017,True,vacation,0.23059308166456222
2017-05-31 00:00:00+05:30,Wednesday,2,False,5,2017,True,vacation,0.30100746104541004
2017-06-01 00:00:00+05:30,Thursday,3,False,6,2017,True,vacation,0.2124791207311789
2017-06-02 00:00:00+05:30,Friday,4,False,6,2017,True,vacation,0.36031186379617597
2017-06-03 00:00:00+05:30,Saturday,5,True,6,2017,True,vacation,0.33640867794282003
2017-06-04 00:00:00+05:30,Sunday,6,True,6,2017,True,vacation,0.17040281230327664
2017-06-05 00:00:00+05:30,Monday,0,False,6,2017,True,vacation,0.34304314977315375
2017-06-06 00:00:00+05:30,Tuesday,1,False,6,2017,True,vacation,0.45177153506125606
2017-06-07 00:00:00+05:30,Wednesday,2,False,6,2017,True,vacation,0.455804973813293
2017-06-08 00:00:00+05:30,Thursday,3,False,6,2017,True,vacation,0.36656819889595404
2017-06-09 00:00:00+05:30,Friday,4,False,6,2017,True,vacation,0.3629604538803106
2017-06-10 00:00:00+05:30,Saturday,5,True,6,2017,True,vacation,0.11902331579806325
2017-06-11 00:00:00+05:30,Sunday,6,True,6,2017,True,vacation,0.13893906547448714
2017-06-12 00:00:00+05:30,Monday,0,False,6,2017,True,vacation,0.238685780316715
2017-06-13 00:00:00+05:30,Tuesday,1,False,6,2017,True,vacation,0.3938293035444497
2017-06-14 00:00:00+05:30,Wednesday,2,False,6,2017,True,vacation,0.3613208656469337
2017-06-15 00:00:00+05:30,Thursday,3,False,6,2017,True,vacation,0.31784597084891125
2017-06-16 00:00:00+05:30,Friday,4,False,6,2017,True,vacation,0.6445656512089891
2017-06-17 00:00:00+05:30,Saturday,5,True,6,2017,True,vacation,0.44971969897192315
2017-06-18 00:00:00+05:30,Sunday,6,True,6,2017,True,vacation,0.23709557917464
2017-06-19 00:00:00+05:30,Monday,0,False,6,2017,True,vacation,0.2476369431212403
2017-06-20 00:00:00+05:30,Tuesday,1,False,6,2017,True,vacation,0.20828437969483546
2017-06-21 00:00:00+05:30,Wednesday,2,False,6,2017,True,vacation,0.23059279855425216
2017-06-22 00:00:00+05:30,Thursday,3,False,6,2017,True,vacation,0.20964914905466464
2017-06-23 00:00:00+05:30,Friday,4,False,6,2017,True,vacation,0.220152949597643
2017-06-24 00:00:00+05:30,Saturday,5,True,6,2017,True,vacation,0.16500552548266872
2017-06-25 00:00:00+05:30,Sunday,6,True,6,2017,True,vacation,0.16827346913562208
2017-06-26 00:00:00+05:30,Monday,0,False,6,2017,True,vacation,0.32312892698465223
2017-06-27 00:00:00+05:30,Tuesday,1,False,6,2017,True,vacation,0.22660165626623138
2017-06-28 00:00:00+05:30,Wednesday,2,False,6,2017,True,vacation,0.38593676053020753
2017-06-29 00:00:00+05:30,Thursday,3,False,6,2017,True,vacation,0.36420850766103396
2017-06-30 00:00:00+05:30,Friday,4,False,6,2017,True,vacation,0.31814703669198996
2017-07-01 00:00:00+05:30,Saturday,5,True,7,2017,True,vacation,0.12426835473718915
2017-07-02 00:00:00+05:30,Sunday,6,True,7,2017,True,vacation,0.20080590195454392
2017-07-03 00:00:00+05:30,Monday,0,False,7,2017,True,vacation,0.43767253529979594
2017-07-04 00:00:00+05:30,Tuesday,1,False,7,2017,True,vacation,0.3212311021127709
2017-07-05 00:00:00+05:30,Wednesday,2,False,7,2017,True,vacation,0.2679482609149376
2017-07-06 00:00:00+05:30,Thursday,3,False,7,2017,True,vacation,0.24661175931412363
2017-07-07 00:00:00+05:30,Friday,4,False,7,2017,True,vacation,0.3200401264206744
2017-07-09 00:00:00+05:30,Sunday,6,True,7,2017,True,vacation,0.27066751389908195
2017-07-10 00:00:00+05:30,Monday,0,False,7,2017,True,vacation,0.8202961567876008
2017-07-11 00:00:00+05:30,Tuesday,1,False,7,2017,True,vacation,0.7415563014432126
2017-07-12 00:00:00+05:30,Wednesday,2,False,7,2017,True,vacation,0.43486716085566873
2017-07-13 00:00:00+05:30,Thursday,3,False,7,2017,True,vacation,0.7634426573995134
2017-07-14 00:00:00+05:30,Friday,4,False,7,2017,True,vacation,0.7780545226001402
2017-07-15 00:00:00+05:30,Saturday,5,True,7,2017,True,vacation,0.27958016225326515
2017-07-16 00:00:00+05:30,Sunday,6,True,7,2017,True,vacation,0.25748935864611155
2017-07-17 00:00:00+05:30,Monday,0,False,7,2017,True,vacation,0.3778291854469962
2017-07-18 00:00:00+05:30,Tuesday,1,False,7,2017,True,vacation,0.22874616012052218
2017-07-19 00:00:00+05:30,Wednesday,2,False,7,2017,True,vacation,0.16608610868774878
2017-07-20 00:00:00+05:30,Thursday,3,False,7,2017,True,vacation,0.25639839669378517
2017-07-21 00:00:00+05:30,Friday,4,False,7,2017,True,vacation,0.1908505415552529
2017-07-22 00:00:00+05:30,Saturday,5,True,7,2017,True,vacation,0.44045829425283345
2017-07-23 00:00:00+05:30,Sunday,6,True,7,2017,True,vacation,0.28269291542348196
2017-07-24 00:00:00+05:30,Monday,0,False,7,2017,True,vacation,0.3186563754662235
2017-07-25 00:00:00+05:30,Tuesday,1,False,7,2017,True,vacation,0.1296830267317581
2017-07-26 00:00:00+05:30,Wednesday,2,False,7,2017,True,vacation,0.343218233038062
2017-07-27 00:00:00+05:30,Thursday,3,False,7,2017,True,vacation,0.3345603804483766
2017-07-28 00:00:00+05:30,Friday,4,False,7,2017,True,vacation,0.2736354860376504
2017-07-29 00:00:00+05:30,Saturday,5,True,7,2017,True,vacation,0.5693074380345973
2017-07-30 00:00:00+05:30,Sunday,6,True,7,2017,True,vacation,0.8091275703060659
2017-07-31 00:00:00+05:30,Monday,0,False,7,2017,True,vacation,0.32771145637169535
2017-08-01 00:00:00+05:30,Tuesday,1,False,8,2017,False,semester,0.2071182093099891
2017-08-02 00:00:00+05:30,Wednesday,2,False,8,2017,False,semester,0.28914039562141103
2017-08-03 00:00:00+05:30,Thursday,3,False,8,2017,False,semester,0.28046399221865925
2017-08-04 00:00:00+05:30,Friday,4,False,8,2017,False,semester,0.3387945740385935
2017-08-10 00:00:00+05:30,Thursday,3,False,8,2017,False,semester,0.37378768673598106
2017-08-11 00:00:00+05:30,Friday,4,False,8,2017,False,semester,0.38375596699852765
2017-08-12 00:00:00+05:30,Saturday,5,True,8,2017,False,semester,0.31958121318072125
2017-08-13 00:00:00+05:30,Sunday,6,True,8,2017,False,semester,0.28443517490051146
2017-08-14 00:00:00+05:30,Monday,0,False,8,2017,False,semester,0.28653739293648056
2017-08-15 00:00:00+05:30,Tuesday,1,False,8,2017,False,semester,0.3221662720777138
2017-08-16 00:00:00+05:30,Wednesday,2,False,8,2017,False,semester,0.3088337000633422
2017-08-17 00:00:00+05:30,Thursday,3,False,8,2017,False,semester,0.3598422715773592
2017-08-18 00:00:00+05:30,Friday,4,False,8,2017,False,semester,0.4218002759762358
2017-08-19 00:00:00+05:30,Saturday,5,True,8,2017,False,semester,0.44292889026899374
2017-08-20 00:00:00+05:30,Sunday,6,True,8,2017,False,semester,0.4489819841778222
2017-08-21 00:00:00+05:30,Monday,0,False,8,2017,False,semester,0.47156104479551786
2017-08-22 00:00:00+05:30,Tuesday,1,False,8,2017,False,semester,0.32470374166899363
2017-08-23 00:00:00+05:30,Wednesday,2,False,8,2017,False,semester,0.23629273156704367
2017-08-24 00:00:00+05:30,Thursday,3,False,8,2017,False,semester,0.4189515539321977
2017-08-25 00:00:00+05:30,Friday,4,False,8,2017,False,semester,0.6652910091612242
2017-08-26 00:00:00+05:30,Saturday,5,True,8,2017,False,semester,0.6393731327777702
2017-08-27 00:00:00+05:30,Sunday,6,True,8,2017,False,semester,0.259395656120067
2017-08-28 00:00:00+05:30,Monday,0,False,8,2017,False,semester,0.21063633543168223
2017-08-29 00:00:00+05:30,Tuesday,1,False,8,2017,False,semester,0.19064014289660386
2017-08-30 00:00:00+05:30,Wednesday,2,False,8,2017,False,semester,0.20069400069322504
2017-08-31 00:00:00+05:30,Thursday,3,False,8,2017,False,semester,0.25592590164213785
2017-09-01 00:00:00+05:30,Friday,4,False,9,2017,False,semester,0.21649420074113204
2017-09-02 00:00:00+05:30,Saturday,5,True,9,2017,False,semester,0.14426489330320466
2017-09-03 00:00:00+05:30,Sunday,6,True,9,2017,False,semester,0.2694347412733718
2017-09-04 00:00:00+05:30,Monday,0,False,9,2017,False,semester,0.29305972062930136
2017-09-05 00:00:00+05:30,Tuesday,1,False,9,2017,False,semester,0.2675492396569233
2017-09-06 00:00:00+05:30,Wednesday,2,False,9,2017,False,semester,0.22703432243171978
2017-09-07 00:00:00+05:30,Thursday,3,False,9,2017,False,semester,0.2638133703231073
2017-09-08 00:00:00+05:30,Friday,4,False,9,2017,False,semester,0.2713076376686976
2017-09-09 00:00:00+05:30,Saturday,5,True,9,2017,False,semester,0.12989840456715734
2017-09-10 00:00:00+05:30,Sunday,6,True,9,2017,False,semester,0.2867035945776383
2017-09-11 00:00:00+05:30,Monday,0,False,9,2017,False,semester,0.4098640418804354
2017-09-14 00:00:00+05:30,Thursday,3,False,9,2017,False,semester,0.24670789846516591
2017-09-15 00:00:00+05:30,Friday,4,False,9,2017,False,semester,0.3205002992937568
2017-09-16 00:00:00+05:30,Saturday,5,True,9,2017,False,semester,0.5255403111711127
2017-09-17 00:00:00+05:30,Sunday,6,True,9,2017,False,semester,0.2408701315764396
2017-09-18 00:00:00+05:30,Monday,0,False,9,2017,False,semester,0.4217458128772559
2017-09-19 00:00:00+05:30,Tuesday,1,False,9,2017,False,semester,0.26556486288540726
2017-09-20 00:00:00+05:30,Wednesday,2,False,9,2017,False,semester,0.32133721719164327
2017-09-21 00:00:00+05:30,Thursday,3,False,9,2017,False,semester,0.22174147610193182
2017-09-22 00:00:00+05:30,Friday,4,False,9,2017,False,semester,0.3572432726347465
2017-09-23 00:00:00+05:30,Saturday,5,True,9,2017,False,semester,0.36633014497714567
2017-09-24 00:00:00+05:30,Sunday,6,True,9,2017,False,semester,0.26372116353538855
2017-09-25 00:00:00+05:30,Monday,0,False,9,2017,False,semester,0.1829094565998235
2017-09-26 00:00:00+05:30,Tuesday,1,False,9,2017,False,semester,0.21319572003054818
2017-09-27 00:00:00+05:30,Wednesday,2,False,9,2017,False,semester,0.31144748942517364
2017-09-28 00:00:00+05:30,Thursday,3,False,9,2017,False,semester,0.249951650919386
2017-09-29 00:00:00+05:30,Friday,4,False,9,2017,False,semester,0.23888008111336614
2017-09-30 00:00:00+05:30,Saturday,5,True,9,2017,False,semester,0.22364069141369464
2017-10-01 00:00:00+05:30,Sunday,6,True,10,2017,False,semester,0.2204184844982923
2017-10-02 00:00:00+05:30,Monday,0,False,10,2017,False,semester,0.33891963575017847
2017-10-03 00:00:00+05:30,Tuesday,1,False,10,2017,False,semester,0.2428656123586754
2017-10-04 00:00:00+05:30,Wednesday,2,False,10,2017,False,semester,0.27526063666538064
2017-10-05 00:00:00+05:30,Thursday,3,False,10,2017,False,semester,0.2895494403382487
2017-10-06 00:00:00+05:30,Friday,4,False,10,2017,False,semester,0.21837752199461546
2017-10-07 00:00:00+05:30,Saturday,5,True,10,2017,False,semester,0.31025701764047614
2017-10-08 00:00:00+05:30,Sunday,6,True,10,2017,False,semester,0.33547199007437795
2017-10-09 00:00:00+05:30,Monday,0,False,10,2017,False,semester,0.3764600319083388
2017-10-10 00:00:00+05:30,Tuesday,1,False,10,2017,False,semester,0.2662007067164735
2017-10-11 00:00:00+05:30,Wednesday,2,False,10,2017,False,semester,0.3524601198612285
2017-10-12 00:00:00+05:30,Thursday,3,False,10,2017,False,semester,0.33052500427644527
2017-10-13 00:00:00+05:30,Friday,4,False,10,2017,False,semester,0.33259776145520836
2017-10-14 00:00:00+05:30,Saturday,5,True,10,2017,False,semester,0.26836165059230005
2017-10-15 00:00:00+05:30,Sunday,6,True,10,2017,False,semester,0.2548979277374879
2017-10-16 00:00:00+05:30,Monday,0,False,10,2017,False,semester,0.3053781073214104
2017-10-17 00:00:00+05:30,Tuesday,1,False,10,2017,False,semester,0.21819276070631435
2017-10-18 00:00:00+05:30,Wednesday,2,False,10,2017,False,semester,0.21268381972762523
2017-10-19 00:00:00+05:30,Thursday,3,False,10,2017,False,semester,0.21517906108552673
2017-10-20 00:00:00+05:30,Friday,4,False,10,2017,False,semester,0.41019786132733227
2017-10-21 00:00:00+05:30,Saturday,5,True,10,2017,False,semester,0.3091030727338196
2017-10-22 00:00:00+05:30,Sunday,6,True,10,2017,False,semester,0.3216460375988083
2017-10-23 00:00:00+05:30,Monday,0,False,10,2017,False,semester,0.42001246866014225
2017-10-24 00:00:00+05:30,Tuesday,1,False,10,2017,False,semester,0.39398375427608273
2017-10-25 00:00:00+05:30,Wednesday,2,False,10,2017,False,semester,0.26788555685533294
2017-10-26 00:00:00+05:30,Thursday,3,False,10,2017,False,semester,0.5784047487447027
2017-10-27 00:00:00+05:30,Friday,4,False,10,2017,False,semester,0.3771963893983122
2017-10-28 00:00:00+05:30,Saturday,5,True,10,2017,False,semester,0.30714908449247896
2017-10-29 00:00:00+05:30,Sunday,6,True,10,2017,False,semester,0.2990529958975884
2017-10-30 00:00:00+05:30,Monday,0,False,10,2017,False,semester,1.3484110449749342
2017-10-31 00:00:00+05:30,Tuesday,1,False,10,2017,False,semester,1.0684088970108472
2017-11-01 00:00:00+05:30,Wednesday,2,False,11,2017,False,semester,0.9837323693221816
2017-11-02 00:00:00+05:30,Thursday,3,False,11,2017,False,semester,1.2999738853135876
2017-11-03 00:00:00+05:30,Friday,4,False,11,2017,False,semester,1.1671903384809839
